duration_sec,packet_count,latency_ms,protocol,device_type,location,event_type,severity,bytes_sent
8.116262258099887,96,72.10044017385991,ICMP,IoT,Remote,Malware Detect,None,9351.243588438769
19.063571821788408,61,28.084031979315082,TCP,IoT,Data Center,No Event,Medium,79874.55298923684
14.907884894416696,111,58.22449160257732,UDP,Router,Remote,No Event,None,11557.143658530556
12.374511199743695,129,18.700880468204765,TCP,Router,Remote,No Event,None,11282.171630515124
3.964354168406294,137,50.53338426323666,TCP,Server,Remote,No Event,None,11006.933502701155
3.96389588638785,132,78.05469960057215,UDP,Router,Data Center,Login Fail,None,9899.185913637859
2.1035886311957896,57,41.28143718150839,UDP,IoT,Data Center,No Event,None,3576.101447765697
17.457346769723767,144,69.84205520384963,TCP,Server,Remote,No Event,None,16119.597339526095
12.421185223120967,70,81.59049647107562,TCP,IoT,Remote,No Event,None,8986.864793803159
14.453378978124864,130,93.44600375315073,UDP,IoT,Data Center,No Event,None,12124.72902034229
1.3911053916202465,136,31.117787366990818,UDP,Server,Remote,No Event,None,9252.061524309125
19.428287191077892,129,45.938432422837735,ICMP,Workstation,Data Center,No Event,High,14814.707491833839
16.816410175208013,119,23.71744119973757,UDP,IoT,Remote,Malware Detect,None,12710.332731307446
5.034443102887247,121,99.32351519425377,ICMP,IoT,Remote,No Event,None,56981.771214656066
4.4546743769349115,74,93.43008711318657,UDP,IoT,Remote,No Event,None,6119.3743116540145
4.484685687215243,131,58.59614172525036,TCP,IoT,Remote,No Event,Low,8528.701897191608
6.780602616231217,138,85.78299649387792,TCP,Workstation,Data Center,Malware Detect,Low,11430.108877632309
10.97037220101252,61,56.8862179544838,UDP,Server,Remote,No Event,None,8653.826266718108
9.206955354200199,64,66.12271192024838,UDP,Server,Data Center,No Event,Medium,8698.929261545964
6.533353663762797,108,18.021198890441497,TCP,Router,Remote,No Event,None,9521.761030374008
12.62520499972521,75,77.97433784471271,TCP,IoT,Remote,No Event,None,9009.32678160798
3.6503833523887947,75,21.494213527171134,ICMP,Server,Remote,No Event,Medium,6048.191714114765
6.550748322169145,96,84.34608672272755,TCP,Server,Data Center,Login Fail,Medium,9751.43731822647
7.960875022580142,81,80.38252789033473,TCP,Server,Remote,No Event,None,9818.760169478446
9.665329700123683,59,73.78702279686789,TCP,Workstation,Data Center,No Event,Medium,7881.786867903919
15.918343266467259,65,13.254434247228591,TCP,Router,Data Center,Login Fail,None,9522.219928947236
4.793801861008835,120,37.28155203507957,TCP,IoT,Remote,No Event,Medium,9224.81007777058
10.770454329858621,66,33.680131291975854,TCP,Router,Data Center,No Event,None,8352.552905683333
12.255876808378806,72,42.41227667243672,TCP,IoT,Remote,No Event,None,8561.443990501424
1.8825578416799567,75,17.88784720874547,UDP,IoT,Data Center,No Event,None,6020.215916462046
12.54335218612733,134,94.32620407279565,TCP,IoT,Data Center,No Event,None,12228.883435986774
4.239958350058539,135,59.842201664113865,UDP,IoT,Remote,No Event,None,9175.079809829154
2.235980266720311,56,37.49718795922212,UDP,Server,Remote,Malware Detect,None,7493.67949549466
19.02882520781333,63,45.72833653668551,TCP,Server,Data Center,Firewall Block,None,12099.143441704737
19.347008628416628,128,50.24822864543521,UDP,Workstation,Remote,No Event,None,12086.16150296797
16.35954961421276,56,64.05349000245556,TCP,Server,Remote,No Event,None,10851.21769943681
6.787661614294043,58,56.4111484926848,UDP,Server,Remote,No Event,None,7931.392347258304
2.8557701661212933,97,92.74527758929756,TCP,IoT,Data Center,Malware Detect,None,7962.448685964584
14.00042750373098,121,54.726713461524724,UDP,IoT,Remote,No Event,Low,11672.741783299036
9.362897381052425,108,99.29422133409814,UDP,Server,Remote,No Event,Medium,11396.888397663435
3.3187264620507975,136,86.62824619705862,TCP,Server,Remote,Login Fail,Low,113785.97105089204
10.408361292114133,142,28.765946292160223,TCP,Router,Data Center,Login Fail,None,11164.20218938652
1.6533819011891495,131,93.75356931795247,UDP,IoT,Remote,Malware Detect,Low,9981.496971330893
18.27708763949686,144,20.472975809692848,UDP,IoT,Remote,No Event,None,13467.660173646402
5.916819650400321,143,83.57047376420724,TCP,Server,Remote,Login Fail,None,13143.775784788313
13.587923402725657,88,44.256096412892205,UDP,IoT,Data Center,Malware Detect,None,11811.962953853283
6.9225104456988085,148,89.01768884005625,TCP,IoT,Remote,No Event,Medium,12136.095241636482
10.881292402378406,67,88.12510210967054,UDP,Router,Remote,No Event,None,8235.89808086434
11.387495307522313,108,82.5332860105859,TCP,IoT,Data Center,No Event,None,11802.083450393455
4.512234654985013,66,81.10273926763553,UDP,Server,Data Center,Firewall Block,None,7766.436810005852
19.422107927526614,63,37.42112251882367,TCP,IoT,Remote,No Event,Medium,9896.870746684914
15.727523643861176,80,17.282735474612696,TCP,IoT,Data Center,No Event,None,9871.447794428692
18.850479889719594,73,46.268216088864534,TCP,IoT,Remote,No Event,None,11148.662220952026
18.001719658125328,148,25.61720634878578,TCP,Router,Remote,Login Fail,None,14469.66503873549
12.360099597410617,109,72.54559800122155,TCP,IoT,Remote,No Event,None,10320.85341433157
18.51561046543922,94,41.1489753884007,TCP,Router,Data Center,No Event,None,11119.406750285936
2.6813575389864703,147,97.80491807739234,UDP,IoT,Data Center,No Event,None,9461.801519364939
4.723674385963759,52,67.68748696107988,TCP,Router,Remote,Firewall Block,Medium,5961.248992128021
1.8593184893002233,86,84.02325072709249,TCP,IoT,Data Center,No Event,None,7029.309329000951
7.181276284502022,92,21.927220546766357,TCP,Server,Remote,No Event,None,9544.307652870675
8.384868504100158,89,87.58130340453603,TCP,Server,Data Center,Login Fail,None,9924.059218516584
6.155631603704022,139,93.0481471462055,TCP,Workstation,Data Center,No Event,None,11595.642424082913
16.746012673886657,104,53.83557269370423,TCP,IoT,Data Center,Firewall Block,None,11226.13049818152
7.778313207178196,136,64.56276439758797,TCP,IoT,Remote,No Event,None,11430.29197855622
6.337755684060235,88,78.83288208126959,TCP,IoT,Remote,No Event,None,8459.06716775595
11.31122558000672,64,25.73547645343713,TCP,Router,Data Center,No Event,Low,8490.888590472252
3.6775602745204905,53,55.23094688170982,TCP,Server,Data Center,No Event,None,6583.360904711787
16.241742634326755,142,45.87967249950818,TCP,Router,Data Center,No Event,None,13359.992416248506
2.4164622299156457,135,23.17365929460242,TCP,IoT,Remote,No Event,Medium,8734.196540561239
19.75085179540983,74,43.07809800623783,ICMP,IoT,Data Center,Login Fail,None,9817.83763838457
15.67265061663649,62,16.135507844694423,TCP,IoT,Remote,No Event,Low,9075.77949018544
4.775597949149276,131,12.323071625453828,UDP,Workstation,Remote,No Event,None,49556.556257400975
1.1049202253484456,82,22.16496602393405,TCP,Server,Remote,No Event,None,6504.708804259888
16.49376714064185,65,96.68036004302564,UDP,Workstation,Data Center,Firewall Block,Medium,9336.327888517268
14.430289533104725,91,59.45765823055153,UDP,IoT,Remote,No Event,None,9590.790782883803
14.851136192778759,115,96.9239945037898,TCP,Server,Data Center,No Event,None,13627.371671803501
15.65413658703297,104,48.924809049711875,ICMP,Server,Data Center,No Event,Low,11817.725932117572
2.4068483829477167,148,38.06345197767336,TCP,IoT,Remote,No Event,None,9888.846326881401
7.81084884234118,91,55.55276765562197,TCP,Router,Remote,No Event,None,8465.64388071926
3.2015121309774646,83,49.55605197696191,UDP,Workstation,Data Center,Firewall Block,None,6257.45579742251
17.398965091636278,79,19.509821583556953,UDP,Router,Data Center,No Event,Medium,10064.01176608245
12.8426644097236,62,67.67436832211857,TCP,Router,Remote,Malware Detect,High,11752.245036741173
7.2870624722003345,62,29.443436425863965,TCP,IoT,Data Center,No Event,None,58001.502684072475
2.207608655434449,67,65.76291594080466,TCP,IoT,Remote,No Event,None,5608.750064972009
6.908664112597582,81,68.51809831583381,TCP,Workstation,Remote,Firewall Block,High,10630.964414975111
7.178483118508193,145,23.68223678157833,UDP,IoT,Data Center,No Event,None,11411.177226727637
14.862517388423218,148,15.521466439960134,TCP,Router,Data Center,Firewall Block,None,13367.085368310103
13.11359195574905,88,80.26854274615958,TCP,Router,Data Center,No Event,Low,10250.758596040841
17.857042108950203,95,51.382038139238816,TCP,Server,Remote,Firewall Block,Medium,13433.224168736071
9.972083578077036,78,15.234741595492821,TCP,Workstation,Remote,No Event,Medium,7493.455946436216
3.272290672827732,111,99.53796854527904,TCP,IoT,Data Center,No Event,None,8617.119621033818
14.551650957236905,142,15.200250489672998,UDP,IoT,Remote,No Event,None,11751.835488593495
15.454915923721051,111,72.55317059726978,ICMP,IoT,Remote,No Event,None,11166.99494170918
11.664266753820428,106,98.53110327370723,UDP,Server,Data Center,No Event,None,11421.411404894627
15.648376419136659,65,31.526209379433304,TCP,IoT,Remote,No Event,None,9087.386296855882
10.382116330923424,105,22.802443181847657,UDP,IoT,Data Center,No Event,Low,8156.673878333977
10.931923758257888,59,20.9246445480186,UDP,Router,Data Center,No Event,None,6352.200727983719
9.123279348812442,79,37.294763281083604,UDP,Workstation,Data Center,Login Fail,Medium,7737.368338922592
1.4829634081378087,74,19.0941229909582,TCP,IoT,Data Center,No Event,None,4901.407213191709
3.049937112872785,133,72.29452075247187,TCP,IoT,Data Center,No Event,None,9819.813333279342
1.5971545280479509,54,15.606261831705641,TCP,Workstation,Data Center,No Event,None,3858.2644325247857
13.091797814011828,114,55.84799153348107,TCP,IoT,Remote,No Event,None,11412.646510181245
6.972763640450207,143,99.70271684676791,TCP,IoT,Remote,No Event,None,10857.918446116862
10.662843132129353,98,83.25732425554169,TCP,IoT,Remote,No Event,High,114651.07828361931
18.243763004595767,52,65.36974944079098,TCP,Server,Data Center,Firewall Block,Medium,10459.43273123907
5.736552353828624,94,37.56282587079505,UDP,IoT,Data Center,Malware Detect,None,8070.0024770417585
8.797275537676965,63,66.15062526624746,TCP,Workstation,Data Center,No Event,None,7027.582271321697
15.355471632317926,79,57.433731752048644,TCP,Server,Remote,No Event,High,14072.595094870354
5.347165144340827,117,48.347504550133436,ICMP,Server,Remote,No Event,None,9668.755821030685
2.462618286747067,67,21.76393390661795,ICMP,IoT,Data Center,No Event,None,3690.136797782558
6.505277605361592,111,89.79437937164201,UDP,Server,Data Center,No Event,None,10297.936707014456
4.0632044578260835,86,50.48061839391902,ICMP,Server,Remote,No Event,High,9137.6085999256
18.66425539450889,74,27.516026063868857,TCP,Router,Data Center,No Event,None,11049.565475925625
16.35428721172392,97,43.09834157895607,ICMP,Router,Data Center,No Event,None,10823.031653133705
13.034671373698046,114,47.27167772760343,TCP,Server,Remote,No Event,High,13862.29561613004
17.557751213566636,102,84.47841060101868,TCP,Workstation,Remote,Malware Detect,None,13625.46095727092
16.269769461083175,128,76.02529425052619,TCP,Router,Data Center,No Event,None,12629.535746201358
4.544831118834681,122,79.23744042772059,TCP,Router,Data Center,Malware Detect,None,10129.36535356795
17.95862097130958,64,10.992813798578249,TCP,IoT,Remote,Firewall Block,Medium,9713.641543909132
11.247502596397364,98,47.45385983617854,UDP,IoT,Data Center,No Event,None,10157.092459058731
16.341362948117187,137,53.32097364717912,UDP,IoT,Data Center,No Event,High,14283.693757391507
18.025734698546373,117,11.727304914075102,TCP,Server,Data Center,No Event,None,14292.368320026313
7.042066024465414,61,33.38318878705308,TCP,Server,Data Center,Firewall Block,None,7410.699491125346
3.090986566025858,108,78.42608408099215,UDP,Server,Data Center,Firewall Block,High,10491.260018197312
5.330768088296892,86,22.339873515609916,UDP,Router,Remote,No Event,None,6636.860885854745
9.11504798389887,110,58.17791183073325,TCP,Router,Data Center,No Event,None,9827.158258971856
16.54228055252737,92,29.368168481551375,UDP,Workstation,Data Center,Login Fail,None,8940.206691339099
17.353881081870526,119,11.090869717950394,TCP,IoT,Remote,No Event,None,12846.871166428411
1.1320904800926233,88,31.708131183958734,TCP,Server,Remote,Login Fail,None,6487.151393651949
10.704198748973749,105,97.82863794190484,ICMP,IoT,Remote,Firewall Block,None,9366.577286054522
8.930809059826801,112,82.13834006946907,TCP,IoT,Remote,No Event,None,10764.433844445384
5.220048398943875,95,96.361897988893,TCP,IoT,Data Center,No Event,Medium,9384.225482916432
3.277441979339973,137,53.90686395337262,UDP,IoT,Remote,No Event,None,8690.776301491427
7.414688256668931,60,19.876257880975317,UDP,Server,Data Center,No Event,High,8706.694514001887
18.915284374337865,111,59.31635400763236,TCP,Router,Remote,No Event,None,13463.022965261662
7.14085570839435,126,50.89396011039648,TCP,IoT,Data Center,Login Fail,None,10383.774588682401
10.857021813123955,147,85.99213744656544,TCP,Router,Remote,Firewall Block,None,12222.531773613602
14.35736021900838,74,18.827432270582015,UDP,Server,Remote,Firewall Block,None,89180.57542949912
7.908962445206585,120,53.94170233196004,TCP,IoT,Data Center,No Event,None,9553.40967505186
19.463859571698254,101,23.50437982245858,TCP,Server,Remote,Malware Detect,Low,14451.908401866745
19.286498603900114,53,39.22083342010539,ICMP,IoT,Remote,Login Fail,High,10986.191986571903
5.7838636206819185,108,76.36213696490196,TCP,Server,Remote,No Event,High,12115.77316448521
10.447721611955323,121,52.84163164318899,TCP,Server,Data Center,No Event,None,11992.942662237368
6.716687886518623,69,43.82994566311924,TCP,IoT,Remote,No Event,Medium,7223.945332292068
6.411969393171884,142,45.50286507130318,UDP,IoT,Data Center,Firewall Block,None,9237.412398135159
1.700851999736123,112,51.350209156538796,TCP,Server,Data Center,No Event,None,8935.789831529435
12.58172234561804,103,80.65148894533512,TCP,Workstation,Data Center,Login Fail,Medium,9893.061083589211
10.550901441348369,123,90.2876220046211,UDP,IoT,Data Center,No Event,None,10772.352889127174
1.9780962737497978,147,95.98012178535355,TCP,Router,Remote,Login Fail,None,8933.527395907538
6.294282820495617,106,80.82130476297655,TCP,Server,Data Center,No Event,None,10941.502957191664
18.257051833366422,139,38.38662061732114,TCP,Workstation,Remote,No Event,None,13153.663058287137
5.551675922672476,90,71.93212354778879,TCP,Router,Data Center,No Event,Low,6998.534729598903
3.7530025697332388,52,49.384281164985275,TCP,Server,Data Center,No Event,None,6537.936934619015
10.299602445273697,55,32.92035598414461,TCP,Server,Data Center,Malware Detect,High,12524.63793926208
19.727358628101413,54,85.67844214833303,TCP,Router,Data Center,No Event,None,10830.588236624544
5.599050158718508,54,13.458371406609249,TCP,IoT,Data Center,No Event,None,4553.141708954661
13.770575400711692,103,91.15857929218812,UDP,IoT,Data Center,No Event,None,10021.195779313119
15.470772691245633,96,51.53297181622607,ICMP,IoT,Remote,No Event,None,9758.761338913097
5.5151133358555935,136,67.34813291274523,UDP,Router,Data Center,No Event,None,10747.19191076956
14.836110623625332,98,69.34185299852044,UDP,Router,Data Center,No Event,Low,10074.77464308837
7.987879521665811,58,90.56059666358827,TCP,IoT,Data Center,Firewall Block,Medium,6736.527201284029
13.01381078127801,148,67.30027139504867,ICMP,Server,Remote,No Event,High,16240.86064177398
13.037064504457,69,65.25402262840555,TCP,Server,Remote,Malware Detect,Medium,11611.113180252343
11.17971899742041,110,15.998683650462096,ICMP,IoT,Data Center,Firewall Block,Medium,9540.402549380115
2.715505631033758,84,56.656721975068365,ICMP,Workstation,Data Center,No Event,None,30889.671833326574
16.87074741619552,99,23.51521007353375,UDP,IoT,Data Center,No Event,Medium,10695.558401729466
7.094821234462981,131,76.3690391849337,ICMP,IoT,Remote,No Event,None,10099.952693282354
4.54385169759723,111,56.0999728731407,TCP,Server,Data Center,Firewall Block,None,9901.734799642676
1.7747276895405144,66,71.2205001287518,TCP,Router,Data Center,Firewall Block,None,6106.149906912904
12.226965920576594,137,13.750561054214584,TCP,IoT,Data Center,No Event,None,11849.229036932391
13.873722875003367,52,17.63128144412229,TCP,Server,Data Center,Login Fail,None,8918.615137732773
1.315168749629267,81,74.4691049256414,TCP,Server,Data Center,No Event,High,62729.8531722604
10.729768107686338,148,16.487590239880603,UDP,IoT,Remote,Firewall Block,None,11774.498330842223
5.303419728760821,62,16.413105498873275,ICMP,IoT,Data Center,Firewall Block,None,5189.865069210422
13.258283017779547,138,11.08976277113987,TCP,Server,Remote,No Event,None,13468.256083834847
4.312962151094837,122,96.0851258469532,UDP,IoT,Data Center,No Event,None,7908.882709312234
14.127817023946854,117,76.37575235131062,ICMP,Workstation,Data Center,No Event,None,9954.106889992305
8.347971579710212,63,41.79262676518577,ICMP,Router,Remote,No Event,None,5280.664946751363
18.797869785997957,147,36.68820231588897,ICMP,Workstation,Data Center,Malware Detect,None,14101.021855575003
3.6128979387738718,60,41.47329067712646,TCP,IoT,Remote,No Event,None,5310.043351556703
7.4802606699549115,105,79.71881780630636,ICMP,Workstation,Remote,No Event,Low,7553.560678502526
3.155996903571192,116,69.5233549963373,UDP,Server,Data Center,No Event,Low,9953.289017882738
18.569178747292693,141,26.667601108072112,TCP,IoT,Remote,Firewall Block,None,13255.545096658258
17.66944771423864,78,25.66984018006759,TCP,IoT,Data Center,No Event,None,9772.253195038764
5.900890926587957,58,18.85560847420576,UDP,IoT,Remote,No Event,None,5402.941239661419
13.539696874649401,116,69.42724477312044,TCP,Server,Data Center,No Event,Low,13543.13407012264
16.527221803823103,74,78.79353959995623,UDP,Server,Remote,Firewall Block,None,12473.529247053077
11.548815420389785,147,33.85417854925036,UDP,IoT,Data Center,Malware Detect,None,111131.28269325042
11.063360988764122,125,11.885046492782154,TCP,Server,Remote,No Event,Low,12977.773620918868
5.595193527108582,91,17.39545007287846,TCP,IoT,Remote,No Event,None,6796.484232998078
2.768952588312085,58,97.10740313605274,UDP,Server,Remote,No Event,None,7781.629438184652
18.047099401113208,128,36.59002997296783,TCP,IoT,Remote,No Event,None,12249.287894785895
18.10794308610328,89,79.23008330543203,TCP,Router,Remote,No Event,High,13422.764131941465
13.028927688192091,74,66.21972119688374,TCP,Router,Remote,Firewall Block,Medium,9551.201778215853
7.441566029925313,54,44.37456756876063,TCP,Server,Data Center,No Event,Low,7073.606976817228
7.634981917640557,60,28.51185359759996,ICMP,IoT,Data Center,Malware Detect,None,6112.088065305499
14.793157898534549,108,20.92477763434658,TCP,IoT,Data Center,No Event,None,10504.233881259013
18.045094939098966,147,65.35116712349799,UDP,Router,Data Center,Login Fail,High,15761.929649339801
17.85464206103723,137,79.71704025740092,TCP,IoT,Data Center,Login Fail,High,16714.354449221515
15.817635371294854,128,67.95138281870176,TCP,IoT,Remote,No Event,None,12833.216972719378
13.198601276931468,87,57.727191992424245,UDP,IoT,Data Center,No Event,Medium,9155.320330886672
2.598659334905928,121,13.775610108847264,UDP,Server,Remote,No Event,None,7525.19171797115
4.070945567797661,54,97.16398998349455,TCP,Server,Data Center,No Event,None,7626.301172593533
18.072529582014507,97,81.88427724891172,TCP,Router,Data Center,No Event,None,12485.609351582558
12.52215213353221,139,36.35398330308683,TCP,IoT,Remote,No Event,None,11220.175589185426
1.1747439807159634,67,98.19732964229655,TCP,IoT,Remote,Firewall Block,High,7650.910310776493
2.92795931445461,119,64.16934306726898,UDP,Router,Remote,No Event,None,8066.585320175096
13.60653361305306,86,62.418039238652185,TCP,Router,Remote,Malware Detect,None,11488.441354954288
1.096170093078155,109,77.3265861486579,TCP,IoT,Data Center,No Event,High,9189.732660287289
4.0553529769324745,97,83.05928092811239,TCP,Server,Remote,Login Fail,High,10959.518521818467
11.425941997965136,126,69.08307465983523,ICMP,IoT,Data Center,No Event,None,10190.364696753712
14.146008756161171,77,21.528617172958,ICMP,Workstation,Data Center,Malware Detect,None,9951.307324966623
13.38726393054941,118,40.44407553950485,TCP,IoT,Data Center,No Event,None,11842.542655646206
5.261116879750636,126,93.52752762934448,UDP,Workstation,Data Center,No Event,None,9302.93768913243
14.531405205603182,130,30.215405065946673,TCP,Server,Data Center,No Event,High,16171.463875934565
5.507732662439201,89,43.4950321453762,TCP,Server,Remote,No Event,High,9852.924516759442
7.182594265026086,94,48.88691946497764,UDP,IoT,Remote,No Event,None,8239.474577204364
15.183336697242458,145,49.5464490725007,ICMP,Server,Data Center,No Event,None,13241.082418490823
13.343025081897078,111,65.1645624245073,ICMP,Server,Data Center,No Event,None,12588.065396012127
17.13524479938938,142,94.87682539702368,TCP,IoT,Data Center,Malware Detect,High,16657.21933782044
13.494644953706525,107,31.662344064925446,TCP,Server,Data Center,No Event,None,11788.63584414439
11.797863463373961,116,20.935123867082623,UDP,Workstation,Remote,No Event,None,10329.922142748603
2.779820588733757,105,27.77234408739436,TCP,Server,Data Center,Login Fail,None,9191.146684884588
7.986600258129237,89,89.82324101883425,TCP,Router,Remote,No Event,None,8521.04644824352
6.0388449859527835,147,68.12297313896855,TCP,IoT,Data Center,No Event,None,11028.585244387035
5.635803224202588,89,35.73161103152441,UDP,Server,Remote,No Event,None,8745.746985240265
19.487200540296467,140,83.43522450717555,TCP,IoT,Data Center,Firewall Block,High,16877.06973518971
8.468856768668449,126,87.52329967270924,TCP,Server,Remote,Malware Detect,High,15013.61256854843
17.948884548365154,82,86.18629048212502,ICMP,Workstation,Data Center,Malware Detect,Low,11599.13378137364
12.991633893947995,55,92.7033880275599,TCP,Server,Remote,No Event,None,10777.709250968244
16.10141476729132,137,32.701691815602544,TCP,IoT,Data Center,Login Fail,None,12394.697108734006
10.55010476899865,68,77.95377358716505,TCP,IoT,Data Center,No Event,None,7924.539148800342
11.961173807900822,129,51.4485547546726,TCP,Server,Remote,No Event,None,13066.465506097264
10.357836182558414,89,85.77986976010554,TCP,Server,Remote,No Event,High,12387.037532034565
4.709616768162846,141,75.5641609445452,TCP,Router,Remote,No Event,None,9316.824772780676
14.7265901899686,146,79.88027018497522,UDP,Router,Remote,No Event,None,13563.341246781312
6.33467488637626,108,69.05456539129644,TCP,Server,Remote,No Event,High,11376.553986812718
1.462003362197623,108,25.968589252273617,ICMP,IoT,Data Center,No Event,High,7897.095552419855
13.263973622236188,97,59.05242270072445,TCP,IoT,Data Center,No Event,None,10799.188473557437
4.36510290873393,90,98.62027655720574,TCP,IoT,Data Center,Login Fail,None,7929.083532943273
18.86871310270537,62,94.36492598474071,TCP,IoT,Remote,No Event,None,10510.638507669542
19.124642963049162,94,13.885636221731051,TCP,Server,Data Center,Login Fail,None,12527.529462864579
18.382423414188523,138,24.833333415649342,UDP,Server,Data Center,No Event,None,14834.994264987019
8.033015304853443,102,21.85558961091057,TCP,Server,Remote,Malware Detect,None,10734.263268331702
1.2936757140484811,91,75.3381918986766,TCP,IoT,Remote,No Event,High,8824.450926360441
18.63805268916678,149,83.60067968712505,UDP,IoT,Data Center,No Event,None,14447.881427738663
9.135498818028973,112,29.216022967960473,ICMP,IoT,Data Center,No Event,None,8708.326329615864
19.36644156182972,76,55.52674236566461,UDP,IoT,Data Center,No Event,None,10345.040512615853
19.308779564695804,87,85.663272521008,TCP,Router,Data Center,Malware Detect,None,14016.771149286218
17.20717965387984,109,75.95213902896255,UDP,IoT,Data Center,No Event,Medium,12050.778603388764
6.594528949322128,56,58.80134849426634,TCP,Server,Remote,No Event,None,7727.017707629478
8.316856843436579,54,63.13129214128956,TCP,IoT,Remote,Malware Detect,None,7958.505260974772
17.171596758820282,94,55.752449222465195,TCP,Router,Remote,No Event,None,11021.77269790858
7.021518097969276,107,36.77936061869385,TCP,Server,Data Center,No Event,Low,10131.096786338767
4.220362187035757,80,60.85197935731145,TCP,IoT,Remote,No Event,None,8070.588415743601
11.579223986708653,72,71.99967718450816,TCP,Server,Data Center,No Event,Low,9910.073564636523
18.78694070905484,91,88.59906242747269,UDP,Router,Data Center,No Event,None,11533.186486858971
14.224566136824487,59,67.26622185813233,TCP,Workstation,Remote,No Event,None,8661.979634753785
11.831162231697935,81,78.50093833388422,TCP,IoT,Data Center,Firewall Block,None,8864.541081435833
2.8463533816446023,102,24.40644714591157,TCP,Router,Data Center,No Event,High,9408.512981062398
12.685137307284226,79,51.54017269778109,ICMP,Workstation,Remote,No Event,High,10289.179007490184
19.811023151981,88,10.839845784438397,TCP,Workstation,Data Center,No Event,None,11907.219057938648
3.6615962894939567,80,32.20109780694607,TCP,Server,Remote,Firewall Block,None,8325.778825082649
10.848263394910997,131,75.38155436017044,UDP,Server,Data Center,Malware Detect,None,14008.648421596
17.670088366631152,149,99.26289562144271,UDP,Server,Remote,No Event,None,15284.553779778276
15.074603737329884,51,18.92602896284943,TCP,Router,Data Center,Login Fail,None,8582.121810429007
14.243299078910091,127,46.13448842751594,UDP,Server,Data Center,No Event,High,15416.970361093234
14.347197595755077,126,82.00638718292436,UDP,Server,Remote,No Event,High,14913.691651452336
7.830331873175348,142,28.363207116600897,UDP,Server,Data Center,No Event,None,11573.423512004993
6.578245041025374,61,59.95764543720576,TCP,Router,Data Center,No Event,None,5894.9939184401865
16.37786195409176,88,75.97641664267073,UDP,Router,Data Center,No Event,Medium,10907.934068844377
16.392154498904432,115,65.43869052341611,TCP,IoT,Data Center,Firewall Block,Medium,12654.544489627478
17.47437405302197,145,26.922226115387453,TCP,Router,Data Center,No Event,None,14476.715876619644
18.351570498572954,62,41.984611181716545,TCP,Server,Data Center,Firewall Block,None,11410.91800748188
10.715505578357819,95,80.54126060368574,TCP,Router,Remote,No Event,None,9995.799072826101
10.528809599056792,76,59.8803862718815,TCP,Server,Data Center,No Event,None,10551.314292948508
16.167608400368728,66,10.470665218862147,UDP,IoT,Data Center,No Event,None,8378.043408021895
13.349314684777537,144,78.48916840252845,TCP,Workstation,Data Center,No Event,None,12536.703518799697
14.337370667896364,147,13.178021944621516,TCP,IoT,Data Center,No Event,None,12421.54881927704
16.12006071928592,109,77.1160404458109,TCP,Router,Remote,No Event,None,11882.530886141274
17.91010149453376,113,28.223250414871366,TCP,Server,Data Center,No Event,None,13369.985774685765
7.4219079801791805,137,96.22661321074422,ICMP,Server,Remote,No Event,None,11198.924671180584
8.136076100158936,84,43.11466761718761,TCP,IoT,Data Center,Login Fail,Medium,8512.427090736179
2.785656856976511,119,39.42384547042712,TCP,Server,Remote,No Event,Medium,9631.762196050078
11.987322678927306,132,23.39992452992002,TCP,IoT,Remote,No Event,None,11583.54523580711
1.6829032021380996,79,37.50437939411934,TCP,IoT,Remote,No Event,None,5554.556360523335
9.846362344516743,120,88.89856856453805,TCP,IoT,Remote,Firewall Block,High,12534.711674409235
11.310248059443955,123,99.67009038645226,UDP,IoT,Remote,Login Fail,None,11182.553266467907
6.444283790437404,145,43.14785774561635,ICMP,Workstation,Data Center,No Event,None,9677.794878589088
12.225831950811205,147,50.37495678590883,TCP,Workstation,Data Center,No Event,None,12910.492492256484
1.5795047488419391,112,74.98638443824633,UDP,IoT,Remote,No Event,None,7974.511768037041
1.709615586235074,77,89.75762024185671,UDP,Router,Data Center,Firewall Block,None,29355.295944819216
16.629410652533508,109,63.37399007681057,UDP,IoT,Data Center,No Event,High,14003.155365410048
7.843622186813995,128,45.23731283600464,TCP,Server,Remote,No Event,None,11165.556700557665
3.414149740385811,143,47.13596567637614,TCP,Router,Data Center,No Event,None,10682.493920281146
10.922621941041283,86,72.60563318471262,TCP,Workstation,Remote,No Event,High,10909.690887590346
15.629877508873605,142,10.289643724385082,UDP,Server,Remote,Firewall Block,None,14237.174974784311
5.10059952244002,71,65.76304037138567,UDP,Router,Remote,No Event,None,5694.190091073529
12.834919040561005,117,41.99437093972217,TCP,IoT,Remote,No Event,None,100054.39105128749
2.621601834881592,69,81.47775981493758,TCP,Workstation,Data Center,No Event,None,6824.1247196906115
1.9819527022035461,145,18.369157584081893,ICMP,IoT,Data Center,Login Fail,None,7619.425310508846
11.095737999794812,149,62.93820402535515,UDP,Server,Data Center,Login Fail,None,14510.196524135106
11.272067310592023,117,53.28756008975114,ICMP,Server,Data Center,No Event,None,11261.857995520595
13.111168128465925,140,67.80929733147048,UDP,Server,Remote,No Event,None,14099.299680845814
14.79573534073057,113,15.836823503467151,TCP,IoT,Remote,Malware Detect,None,12448.561124005644
19.541189509788158,66,62.198540868531815,TCP,Workstation,Data Center,No Event,None,11012.862294419949
10.80970661772271,61,60.533612916357136,UDP,IoT,Data Center,No Event,None,57456.108378964556
7.1361729858836735,71,60.459408497455385,TCP,Server,Remote,No Event,None,8559.019584250633
16.108537700605368,66,64.31388999368093,TCP,IoT,Data Center,Firewall Block,None,10373.688441360273
6.14581277397941,59,70.8821143503726,UDP,IoT,Data Center,No Event,High,7830.4043748125505
9.340456993407086,114,82.44900997126928,TCP,Server,Data Center,Login Fail,None,102877.37742963825
2.4906712455030533,71,34.28386481153929,UDP,Server,Remote,No Event,None,5866.328957581733
1.4816641248936926,139,84.25444691620558,TCP,IoT,Remote,No Event,Low,8968.255236129793
19.290319878880577,131,54.843011403710825,ICMP,IoT,Remote,No Event,None,13447.045726517013
16.88362228973191,99,16.935245122089803,TCP,Server,Remote,No Event,None,12043.124422177003
14.223509915780262,63,15.269583631958128,TCP,Router,Data Center,No Event,Medium,8928.288329551742
8.770105943871128,113,40.08144868264547,UDP,Router,Data Center,No Event,Medium,9270.735339280287
4.29259208134607,96,80.64072794003208,TCP,IoT,Remote,No Event,None,7776.207160792553
3.9723038107506348,78,73.69128412668242,UDP,IoT,Data Center,Malware Detect,None,7188.6417133310115
5.754615065127311,125,80.97534682051658,UDP,IoT,Remote,Firewall Block,None,9040.623138704366
11.435306629416289,85,56.55421507974484,TCP,IoT,Remote,No Event,Low,9045.148653593853
14.577322531301185,148,49.61790981599415,TCP,Server,Remote,No Event,None,15234.245969955877
13.543750157636895,101,23.270727403565555,TCP,Server,Remote,No Event,None,11629.810414204338
6.318744041972914,125,39.53734782483804,TCP,IoT,Remote,No Event,Medium,10444.791851936408
19.14244033260069,56,49.061742955648775,ICMP,IoT,Remote,Malware Detect,None,10183.115780858298
15.020041417219602,78,17.97403867116555,UDP,IoT,Data Center,No Event,Low,8797.621847363402
11.532726997716614,60,29.855075744009014,UDP,Router,Data Center,No Event,None,7745.05183299788
12.622694178452692,82,63.840276465736494,UDP,Workstation,Data Center,Login Fail,None,9337.15898973146
8.972401186128009,55,76.20968028152708,TCP,IoT,Remote,No Event,None,6376.728938539844
5.706888800521992,128,99.85127602536546,ICMP,IoT,Data Center,No Event,Medium,8593.343721901483
7.76348089437397,81,93.98019982092019,UDP,Router,Remote,No Event,None,7761.136115920187
15.399076098823013,100,67.83086795816723,UDP,Workstation,Data Center,No Event,None,10006.227542018478
1.2734762839653615,124,47.91232479646648,UDP,Server,Remote,No Event,None,10106.43108414008
3.2053801696314084,107,67.25596282374094,TCP,IoT,Data Center,Login Fail,Low,46184.225602497405
1.8740501984133022,136,80.70864562722087,UDP,IoT,Remote,Malware Detect,High,11662.63509227797
1.7738472440604327,75,20.65025718310486,TCP,Server,Remote,No Event,None,6817.303468242547
17.253751096209136,147,46.891440072665944,TCP,IoT,Data Center,Firewall Block,None,13695.2079024099
14.36949932822045,95,85.58220570720555,TCP,IoT,Data Center,No Event,High,11934.655776552734
10.00930275265918,147,44.54496567397396,ICMP,Server,Remote,Login Fail,None,11431.80365671468
2.858849052369028,78,61.46850441044679,UDP,IoT,Data Center,No Event,None,6822.90012544898
10.340701627219815,53,62.89924247759784,UDP,Router,Data Center,Malware Detect,None,8668.002732558216
9.995963644830749,130,26.602862782027543,UDP,IoT,Remote,Firewall Block,Medium,9976.928843807478
4.290835528290288,148,42.601189748705956,TCP,IoT,Remote,No Event,None,10567.262134065375
9.243181335521488,62,40.1060159867739,ICMP,Server,Remote,Firewall Block,None,8027.224948022701
8.571589953550095,88,12.35770376788583,TCP,IoT,Data Center,Malware Detect,None,9407.198002068308
12.701151862992113,64,12.177258750221972,TCP,Workstation,Data Center,Login Fail,None,7419.529264149501
13.066779366485232,78,84.85273393081961,TCP,Server,Remote,No Event,None,10264.472187988686
1.8607761856688458,78,34.576372897553114,UDP,IoT,Remote,Malware Detect,None,6895.29376421113
8.117639677902954,124,56.62708896149339,UDP,Router,Remote,Malware Detect,None,9711.913641467405
12.891338398570491,81,36.88530162298957,TCP,IoT,Data Center,No Event,None,9212.157765109785
10.559588913021667,51,94.66113206038065,TCP,Workstation,Data Center,Firewall Block,None,7480.636831401413
17.273306982578124,96,33.336708297919635,UDP,IoT,Data Center,No Event,Low,10585.28369691443
13.515179000759955,127,48.66911314650416,TCP,Server,Data Center,No Event,Medium,13548.470242838357
4.095754114547164,133,88.54572254361416,UDP,IoT,Data Center,No Event,Low,8925.387244911064
2.340806200608167,71,85.77402101126278,ICMP,Server,Data Center,No Event,None,6807.849801527602
13.205966285919997,124,26.749127606164958,TCP,Router,Remote,No Event,None,98770.0191821899
1.5037149002908143,76,82.23789788161393,TCP,Router,Data Center,No Event,None,7122.859625928597
12.129736044195802,116,51.23681980641034,UDP,IoT,Remote,Firewall Block,High,11758.58431541378
18.864374587074195,130,53.46719848768197,UDP,IoT,Remote,No Event,Medium,13208.618852951491
11.9340093796417,105,22.01319751743494,TCP,Router,Remote,No Event,Medium,10266.00733900574
8.375228597923916,141,17.254136238141218,ICMP,Workstation,Data Center,No Event,None,9606.90866399244
13.22247615040471,142,75.51453762763887,TCP,IoT,Remote,No Event,None,12153.350667453882
9.706804919338817,70,54.68150371197698,TCP,Server,Remote,Firewall Block,None,10087.407903249012
11.366718997002764,96,49.31656323536616,UDP,IoT,Remote,No Event,None,9371.648496526517
18.88783136675398,129,75.65574057871571,UDP,Router,Remote,Malware Detect,None,13739.458459350051
8.335950118214711,108,78.89616090919988,TCP,IoT,Remote,No Event,High,11909.08062583554
19.26262071265437,133,24.30173509024182,UDP,IoT,Remote,No Event,None,14022.586599725159
18.201662197165213,55,64.92026345298771,TCP,Router,Data Center,No Event,None,9841.54332697148
4.720031560996633,68,22.1818674049917,TCP,IoT,Remote,No Event,None,6036.721807613625
2.3178647166281436,106,77.62375774261412,TCP,Server,Data Center,No Event,High,101256.07281912127
2.9147820261711064,118,69.12596406404256,UDP,Server,Remote,No Event,None,8980.502257616132
1.3462146873794447,52,96.09531589751121,TCP,IoT,Data Center,No Event,None,5828.593586499286
2.7944162543626394,50,16.206221472077907,TCP,IoT,Data Center,Login Fail,High,6986.842626213689
13.97712869491078,107,15.134924903612887,TCP,Server,Remote,No Event,None,11732.378375519354
2.352584320744351,87,35.39683672238802,UDP,IoT,Remote,No Event,None,5575.609163525128
7.060536975581464,64,33.55351153623154,UDP,Server,Data Center,No Event,None,7391.28979119561
17.052630908419637,83,32.22809191647998,UDP,Router,Data Center,No Event,None,9171.288084697144
1.4421667789806913,110,91.5629122468933,TCP,Router,Remote,Malware Detect,Medium,8978.515030698582
16.474901169189778,84,32.45915798645555,UDP,IoT,Data Center,No Event,Low,9527.58842899756
6.3552407206945984,113,34.47547535157679,TCP,IoT,Remote,No Event,None,9049.6026304398
3.245131724811469,74,78.34584361761674,UDP,IoT,Data Center,Firewall Block,None,5311.526328456999
14.238006141918863,73,50.4765858205486,ICMP,IoT,Remote,No Event,None,8887.674319228394
12.949914088817795,61,79.9039501259663,TCP,Server,Remote,No Event,None,10602.826692970251
17.671968257014004,67,15.882954180794671,UDP,Server,Data Center,No Event,None,10457.48051188204
14.96634983227383,64,53.88140743060459,TCP,IoT,Data Center,No Event,None,86131.57044240607
16.266137677312123,129,13.025224016495436,TCP,IoT,Data Center,Malware Detect,None,13501.55382301338
6.3586568788548234,76,15.638788310981907,TCP,IoT,Remote,Malware Detect,Medium,8605.134689842722
4.371351331814734,121,91.57937080099698,TCP,Server,Remote,Firewall Block,None,10260.959623606954
15.261680281176309,109,22.532083400583566,TCP,IoT,Remote,No Event,None,11177.675929111654
16.329860046078018,95,57.91786140476954,UDP,Server,Data Center,No Event,None,11907.794809517214
19.819597698012792,138,46.99860423406359,TCP,IoT,Data Center,Login Fail,Medium,14338.274450294557
8.839735861317102,66,41.26089936329584,UDP,Router,Data Center,No Event,None,7131.166553419885
8.06834363006288,142,90.98500111185452,TCP,Router,Data Center,No Event,None,11104.449411100555
15.75184625409794,102,11.964105709794055,TCP,IoT,Remote,No Event,None,10763.141822632717
7.475267264807339,57,69.74107175580302,UDP,IoT,Remote,No Event,Low,6773.011296028913
18.68438918646773,128,96.70549907921954,TCP,Server,Remote,No Event,None,16151.034077695736
17.309842285017226,76,60.41513651156578,TCP,IoT,Data Center,Malware Detect,Medium,11843.862068222266
9.150886520125349,95,94.31402158297827,UDP,Server,Remote,Malware Detect,High,69627.69312133655
15.26655028803845,99,14.703209135742139,TCP,Router,Remote,No Event,Low,10560.448717250383
15.336314607608964,120,47.69139871667453,TCP,Server,Remote,No Event,None,13851.871533813079
2.9593535078827196,52,33.414201186584606,TCP,Router,Remote,No Event,None,4935.831564933098
18.148505226911766,142,75.77388684826568,ICMP,IoT,Data Center,Malware Detect,None,13477.802517610535
10.599795076509286,113,98.31673814475221,UDP,IoT,Data Center,No Event,High,12599.29852055426
16.70269185604709,93,33.0877056199823,UDP,Router,Remote,Login Fail,None,10061.399718302668
7.080942419581623,102,68.8757141326667,UDP,IoT,Data Center,No Event,None,7704.571662963328
18.014941341427807,73,27.82878694837661,TCP,Server,Data Center,No Event,None,10998.597827857746
8.3948318959491,109,60.879722911444894,TCP,IoT,Remote,No Event,None,9469.19461230752
1.2059153781256688,52,51.75392380195026,UDP,IoT,Remote,Login Fail,None,3471.0516703659023
18.20225755196601,69,97.48047966683833,TCP,Workstation,Remote,No Event,None,9722.301282388586
2.7344468589365376,95,64.76745454268199,TCP,IoT,Data Center,No Event,None,7038.780849689377
7.066959114217882,64,41.455573487813695,TCP,Workstation,Data Center,No Event,Medium,6489.3580517005685
19.051177373965295,74,20.268620639914005,TCP,Workstation,Remote,Login Fail,None,10543.088861259537
19.061535791813565,143,23.612214586144113,ICMP,Router,Remote,Malware Detect,None,13790.13390638432
11.895319874342436,127,30.27852369561116,TCP,Server,Remote,No Event,None,13636.04603102248
13.004907031226185,120,32.58699952062682,TCP,Server,Remote,Malware Detect,None,13986.010751915945
9.520464917588075,66,86.5554452057024,TCP,Router,Remote,No Event,Low,7771.887265522708
6.571004662263226,133,60.510050945427245,ICMP,IoT,Remote,No Event,None,9194.58848940956
7.244626362028403,149,57.10518202369298,TCP,Server,Data Center,No Event,None,13401.761062593125
13.77785066546373,58,20.32919846822957,TCP,Server,Remote,No Event,None,10214.95859018916
15.29511605931592,87,87.41257240144915,UDP,Server,Remote,Login Fail,High,13114.55463462175
16.04000183079112,97,75.05328728876353,UDP,Server,Remote,Login Fail,None,11925.388141711655
16.002744713096526,109,16.090152571000143,TCP,IoT,Data Center,No Event,Low,11020.80150262729
2.732915957925117,112,73.70515875067917,TCP,Server,Remote,No Event,None,9437.076399416423
10.393985789349047,135,58.918439560838145,TCP,Router,Data Center,Malware Detect,None,12159.668530975076
2.093616440316241,51,17.355281117210044,TCP,IoT,Remote,Firewall Block,None,4368.642370697511
11.441048764150976,137,51.247057737579084,TCP,Workstation,Data Center,No Event,Medium,12162.645862130528
9.389079526094163,121,53.622665841704226,TCP,Server,Remote,Firewall Block,None,12354.280660936534
17.866379472407697,60,24.91970861469482,TCP,Router,Data Center,No Event,High,11445.712256419612
7.667385238489495,113,95.11283323002542,TCP,Server,Data Center,No Event,None,10583.997144469904
3.2242733121245113,126,86.49778343325957,UDP,Router,Data Center,Malware Detect,None,9112.054857034078
3.7168419590038813,130,70.21201035961974,ICMP,IoT,Remote,No Event,None,8057.285296482346
15.468702002631973,121,51.606600490054646,UDP,Router,Data Center,No Event,Medium,11084.159376064461
12.74614320300896,70,47.05889874260576,TCP,IoT,Data Center,No Event,None,9364.861441679552
2.9213308463330145,67,68.58761204358588,TCP,Router,Remote,Malware Detect,Medium,6322.5048450454
2.5980293161849515,143,59.088868246621495,ICMP,Workstation,Data Center,Malware Detect,High,11828.8289996893
14.318413497723279,113,15.604579529369705,TCP,IoT,Remote,No Event,High,12260.629667099412
2.382497120919677,131,56.12523838932985,TCP,IoT,Remote,No Event,None,9154.60207081723
16.615341126516768,144,82.57632555095556,TCP,Router,Remote,No Event,None,13940.731240130794
14.418602315973429,87,51.33158898372623,UDP,IoT,Data Center,No Event,Low,10445.161935780565
2.5456268321960955,81,14.676091979884157,UDP,Router,Remote,No Event,None,4894.667666184505
2.611916567618646,60,80.76503794456298,TCP,IoT,Data Center,Login Fail,None,5309.167949425426
19.746151991522332,94,28.122740392237695,TCP,IoT,Data Center,No Event,None,11719.856700673858
8.111145119366286,138,33.275875139923485,ICMP,Workstation,Data Center,No Event,None,9589.852252133966
8.042200794270927,82,24.823571808906628,TCP,Server,Remote,No Event,None,9087.905540919099
16.44319177789255,90,39.71935583843478,UDP,Router,Data Center,No Event,None,10166.811808797618
18.997722970293314,57,78.10763551197715,UDP,IoT,Remote,Firewall Block,None,9658.861974514934
19.734020212634547,60,56.744727355354364,UDP,Server,Remote,No Event,None,10452.063396053674
15.31418551991989,135,28.43931467356413,TCP,Server,Data Center,No Event,None,14625.316053515493
8.148932125087399,100,89.00470703368367,TCP,Server,Data Center,No Event,None,12265.294991679899
2.5865136172747065,137,89.16236694563763,TCP,Server,Remote,No Event,None,11166.713306939282
15.765791402621298,90,88.35205825414062,UDP,Server,Remote,No Event,None,11545.38257939865
11.609680744980295,66,31.491659024338535,ICMP,Server,Remote,No Event,None,8080.55149831333
9.06021817569255,125,50.61154097628893,TCP,IoT,Data Center,No Event,None,10780.767863416437
18.220733316799983,95,98.64906905267875,TCP,Router,Data Center,No Event,None,12395.445423490904
3.1127521638168756,81,79.48112286789913,ICMP,IoT,Data Center,No Event,Low,5636.491822547385
10.359876981526323,128,12.445067910300384,UDP,Server,Data Center,No Event,None,12009.115959000494
1.2157192505809622,129,15.868413213444285,UDP,IoT,Data Center,Firewall Block,Low,6441.457383931486
9.9045521978884,103,51.75382391310995,TCP,Server,Remote,No Event,None,11515.934962113182
2.06976223795491,135,91.82981852754041,TCP,Router,Data Center,No Event,None,9408.107438959323
3.2575404090933664,141,58.48316181574428,UDP,IoT,Data Center,No Event,None,8614.119745493836
3.232998688764993,69,54.80312572308612,UDP,IoT,Remote,No Event,None,4751.268899670016
13.334995740205208,82,19.492632996096752,TCP,IoT,Remote,Login Fail,None,9356.088693395344
15.174852706043042,123,69.11020942518647,TCP,Server,Data Center,No Event,None,14597.17697444866
12.084006536846033,89,83.9892844540203,TCP,Router,Remote,Login Fail,None,9801.048189595496
19.281278421016296,81,44.23780067568061,TCP,IoT,Data Center,No Event,None,10850.419024945275
8.122541010950378,146,79.80506658327947,TCP,Router,Data Center,No Event,None,11630.457099186035
6.428529639355354,51,96.80289885107304,ICMP,IoT,Data Center,Login Fail,High,8357.023785379073
17.503383435599744,146,28.338981321492017,TCP,Server,Remote,No Event,None,15550.054750426702
5.2483209318696,82,57.09966680752672,UDP,Workstation,Data Center,No Event,None,7015.19394174085
19.301228249371615,126,35.8424162276118,TCP,IoT,Data Center,No Event,None,14060.191955072882
1.2309350191065105,79,81.35689771304554,UDP,Server,Data Center,Login Fail,None,7369.128182554319
19.42769770744514,82,61.98340292930418,ICMP,IoT,Remote,No Event,Medium,10157.658487946506
1.8200383270609461,126,67.11241757952735,TCP,IoT,Data Center,Malware Detect,None,8644.85319796454
17.931719160263352,75,81.81227436543047,TCP,IoT,Data Center,No Event,None,10486.811931844179
11.026321072639698,71,45.63734253962094,TCP,IoT,Data Center,Malware Detect,Medium,8761.906594639282
19.866331126266708,115,92.3581061566339,TCP,Server,Data Center,No Event,None,15463.134459202014
2.4021347299725786,87,57.9725980521526,UDP,Server,Remote,Login Fail,None,8049.540425187854
11.523231403625095,139,24.21593405518132,ICMP,Server,Remote,No Event,High,14236.914792497084
19.41674817676288,95,72.63092063519221,TCP,IoT,Data Center,Firewall Block,None,11666.987670959199
10.938859039232828,64,81.3935215394429,TCP,IoT,Data Center,No Event,None,9188.891439127627
12.958574124569989,147,38.5085509360774,TCP,Server,Data Center,No Event,None,13914.552639811975
14.219225090707726,93,87.14613312988777,UDP,Workstation,Data Center,No Event,None,10588.969363661965
9.63628023058769,98,91.55289292891898,TCP,IoT,Data Center,No Event,None,9731.075416815276
12.923603521597204,124,34.921403864002805,TCP,Router,Remote,No Event,Medium,11530.626836744146
12.101971926538905,110,98.51693254436998,UDP,Server,Remote,Firewall Block,None,12399.85290507557
18.12200219932879,116,22.664037524388256,UDP,Server,Remote,Firewall Block,Low,13115.230954242044
1.8634812264876994,55,28.181410156224096,TCP,Server,Remote,No Event,High,8743.559682641135
6.338300602252376,58,26.580235531422353,UDP,IoT,Remote,Firewall Block,None,4777.5398274463005
19.057818197454615,55,90.45907390070833,TCP,IoT,Remote,No Event,None,9852.658045225526
17.91501189392741,122,68.88632970924657,TCP,Server,Data Center,No Event,None,15309.581552439231
9.657478302928546,144,23.68938549000456,UDP,IoT,Remote,Login Fail,High,13129.139726330844
12.782519358229198,81,49.62910765315141,UDP,Workstation,Data Center,No Event,Medium,10151.24243284099
6.270242476641521,90,65.37682225628218,TCP,Server,Data Center,Firewall Block,None,9569.016187381843
4.574302034751465,125,17.511767649044497,TCP,IoT,Remote,No Event,None,9647.622935145431
9.810269693859661,57,89.41747315666049,TCP,Router,Data Center,No Event,None,6758.516248392802
7.713692332495004,121,82.32431818973816,TCP,IoT,Data Center,No Event,High,11480.593395047286
12.08946612516657,99,55.46860962189744,TCP,Server,Remote,No Event,None,12079.288702477434
2.476958102334712,141,97.04139537332534,TCP,Server,Data Center,No Event,None,10393.317471626424
19.513501345657165,111,47.59848813475897,TCP,Workstation,Data Center,Firewall Block,Medium,12781.351481539996
19.738004145112455,133,98.56992871328481,UDP,Router,Remote,Malware Detect,None,80010.86111011499
14.265072566375158,111,70.11279989232644,UDP,Server,Remote,Login Fail,None,12781.235401080146
11.185830960538288,56,67.12041459285473,UDP,Server,Remote,No Event,None,8832.501044249824
6.8810247094402275,124,24.935940576620652,TCP,Workstation,Data Center,No Event,None,9289.113084183617
16.462105374432024,133,89.37349824741796,ICMP,IoT,Data Center,No Event,None,12583.47953209977
14.009892278523706,129,48.474071912855365,UDP,IoT,Remote,No Event,High,13926.332588873429
4.089721847552934,53,24.60100652042314,UDP,IoT,Remote,No Event,None,4292.47945097702
18.307616505383006,55,11.134676797818313,UDP,IoT,Remote,Login Fail,None,9039.499733599108
16.628207615540212,107,60.37801152745443,ICMP,Server,Data Center,No Event,None,12981.457772035965
19.046198352546558,71,57.46596599104087,TCP,Server,Data Center,No Event,None,12227.280099024449
14.78867065937884,75,74.74182601322427,TCP,Server,Remote,No Event,None,11468.08088301622
12.654888722780008,52,90.1232247716022,UDP,IoT,Data Center,No Event,Low,8039.588281551413
8.946617689521759,90,17.146592617872656,UDP,Router,Remote,No Event,Medium,8131.118341080127
18.72184118372625,109,75.83468413063261,UDP,IoT,Data Center,Firewall Block,None,12764.12598292342
17.455213900507758,63,26.8670749687824,TCP,Server,Remote,No Event,None,10648.047441849176
1.8591547320175987,124,87.23593478414476,TCP,Server,Remote,Malware Detect,None,74593.03532786695
1.500972515447788,131,83.71571624754905,TCP,IoT,Remote,No Event,High,60837.010517693074
8.152803970682942,61,58.671437948698994,ICMP,IoT,Data Center,No Event,None,5630.599488110534
16.400513284854824,136,73.92185187609803,TCP,IoT,Remote,No Event,Low,12560.165543538518
19.758246456983944,61,38.29151018653735,TCP,Router,Remote,Malware Detect,None,75839.94602563132
3.8579209309670355,62,52.405110903953315,TCP,Workstation,Data Center,Login Fail,High,8379.153744206134
12.288483591690568,74,83.94732079394245,TCP,Server,Remote,No Event,Low,9949.071783222824
8.236926275989408,94,51.33386774558925,UDP,IoT,Remote,No Event,Low,8967.671123605669
19.42837355847746,68,42.20184387928976,UDP,Server,Remote,No Event,None,12020.235250644368
17.000259539578465,104,54.47912025252699,UDP,Router,Remote,No Event,None,11142.024874495683
16.92824538951162,149,84.54243271934965,TCP,Router,Data Center,Firewall Block,None,14682.108996454348
9.905170036104435,94,40.16872426337855,UDP,IoT,Data Center,No Event,Low,8785.804876821976
8.881570544415638,57,25.63854338221694,TCP,IoT,Data Center,No Event,None,6219.969415676974
6.194734366683418,142,74.08126182977027,UDP,Router,Remote,No Event,High,12191.744041487913
2.071134436367615,102,84.33803914372736,TCP,IoT,Remote,No Event,Medium,7074.801336076813
17.42972514884601,104,19.057373067118,TCP,IoT,Remote,No Event,None,11946.555276410529
16.445119173471475,81,31.588670148035025,UDP,IoT,Data Center,No Event,Medium,9441.811977622101
19.99463579243648,100,22.77747907848945,ICMP,Server,Data Center,Login Fail,None,12677.850760417503
19.9360999044042,93,41.31472704239499,TCP,Router,Remote,Login Fail,None,11974.077782239836
11.553202406449921,131,50.53158810148714,UDP,Workstation,Data Center,No Event,None,11082.066103219538
15.610760888429699,119,77.39437032669758,TCP,Server,Data Center,Malware Detect,None,15738.449510352897
18.950548867766134,67,68.60328263935068,TCP,Server,Remote,No Event,Low,12100.717195295387
17.14330042287082,132,65.8835710730588,TCP,IoT,Data Center,No Event,None,14010.78940857909
5.699613933120755,71,41.71374519486889,TCP,Server,Data Center,No Event,None,8417.020129052435
9.560338570891776,86,85.7302797776284,TCP,IoT,Data Center,No Event,None,9734.605642062108
3.4540288878784047,145,52.41584506583481,TCP,Server,Data Center,No Event,Low,11141.14922461446
19.126969517915725,105,98.11944442136391,TCP,IoT,Remote,No Event,None,13317.353420573141
12.51731805456672,108,67.07279244661632,ICMP,IoT,Data Center,No Event,Medium,9796.28932953601
5.344213304565792,52,21.363826740805244,TCP,IoT,Data Center,Firewall Block,None,3922.205748196183
13.762313003711277,77,70.85598058678906,UDP,IoT,Data Center,No Event,None,8642.331914471037
12.74443656870002,123,39.25936138885291,TCP,IoT,Remote,No Event,None,11657.113057474911
7.805091642623969,84,71.76944770174876,UDP,IoT,Data Center,No Event,None,8017.354427944678
3.1575942517929514,110,16.267703334616517,TCP,Workstation,Remote,No Event,Medium,6962.46661456659
13.759890716263193,142,25.739329345836346,TCP,Server,Data Center,No Event,None,14095.544282756322
10.885846317172073,103,87.01635330152077,TCP,Server,Data Center,Malware Detect,Low,13037.547541429582
15.674049442977147,112,30.44616013211634,TCP,Router,Data Center,No Event,None,11589.343649345503
10.883106521127875,128,85.3337012718646,TCP,Workstation,Remote,No Event,None,11882.678287886825
17.19144850605226,146,35.134847960896934,UDP,Server,Remote,No Event,High,17105.060685389028
11.486229936715226,56,67.8593719052837,UDP,Router,Data Center,No Event,Low,7406.89091036505
11.65782145917234,125,72.47355161588479,UDP,IoT,Remote,No Event,None,10716.66954447849
17.656418450508557,98,56.13892778305476,UDP,IoT,Remote,No Event,None,11779.58560902937
8.666174458035544,143,37.47796090270582,TCP,Server,Data Center,No Event,None,12856.212995377131
3.546289340562174,134,29.13799387339865,TCP,Server,Remote,No Event,None,9864.55041463749
1.5468708499534405,80,12.987041910618359,TCP,Server,Data Center,No Event,Low,69066.55520900588
15.347607857798762,107,37.355176111665145,TCP,IoT,Remote,Firewall Block,Low,10752.32176372741
12.78588147571583,110,68.78465114781548,TCP,IoT,Remote,No Event,None,10541.326987978317
14.377515593885247,73,94.44743366036344,TCP,Server,Remote,Malware Detect,High,14081.77399707639
5.046319068669304,69,88.40840340367468,TCP,IoT,Remote,Login Fail,None,6870.416372467388
3.5910580361486257,86,78.94582988817723,TCP,Server,Data Center,No Event,None,8854.018498522002
1.2763486476897565,53,80.96026089279688,UDP,Server,Remote,No Event,None,5638.03625861426
7.661163617325343,141,69.84864131283958,UDP,Router,Data Center,No Event,None,72108.17855433172
12.208436050238028,69,33.42581718094027,TCP,Router,Data Center,No Event,None,8195.16715922997
8.452636856894914,109,91.64755276352469,ICMP,Router,Remote,No Event,None,9426.023403247535
9.312023518450852,73,70.36590807152507,ICMP,Server,Remote,Login Fail,None,7220.79438445068
18.17901519538122,99,60.439656788239596,TCP,Router,Remote,Firewall Block,None,11853.762421659369
7.6168538734427065,98,19.989052229213296,TCP,Server,Data Center,No Event,Medium,10657.439082016128
10.765800294036405,100,50.23499894257829,TCP,IoT,Remote,No Event,None,9990.705102775397
15.889407242081719,145,51.43224440817337,ICMP,IoT,Remote,No Event,None,13164.568236989811
8.534312864104134,85,87.8107248570403,UDP,IoT,Data Center,Malware Detect,Low,8171.276678046182
12.819647304329596,147,59.19833981690096,TCP,Server,Data Center,No Event,High,15666.752973733328
17.38491046618816,149,44.23604940733687,TCP,Server,Data Center,No Event,High,17864.85770427305
19.0408918494952,115,97.91202956595934,TCP,Router,Data Center,Login Fail,None,14216.703147136988
3.794396137651721,128,19.96485339936841,TCP,IoT,Remote,No Event,None,8167.349266866837
18.605164878068393,83,48.02935854807502,TCP,IoT,Remote,Firewall Block,None,11017.962157548007
10.350209568511225,85,13.782220765426477,UDP,Workstation,Remote,No Event,None,8193.61714914113
5.906643377680209,55,76.59137086902373,UDP,IoT,Remote,No Event,High,7061.657523450452
9.723579368526964,88,92.62688969792356,UDP,Server,Data Center,Firewall Block,None,96898.53117947721
19.620618930424065,91,35.20335965954405,UDP,Server,Remote,No Event,None,11450.37695120454
10.359743785864522,107,87.25075091192087,UDP,Server,Data Center,No Event,None,11576.550377110992
7.246280595462656,61,36.2996407415708,TCP,IoT,Remote,No Event,None,6089.338102110583
13.03461623201779,52,91.96931454795237,UDP,IoT,Data Center,No Event,Low,7706.279419826655
5.562766756785669,67,77.85657132371055,TCP,IoT,Remote,No Event,None,7123.337714241289
2.4414032340646146,89,82.44160991572947,UDP,Server,Data Center,No Event,None,8230.463147122804
3.4487147163023355,70,11.620590004040904,TCP,Server,Data Center,No Event,None,7146.829712755257
3.4328709401976765,64,96.65293213666233,UDP,IoT,Remote,No Event,None,6180.910879243601
3.8861511767335926,146,75.40038928632909,TCP,Server,Data Center,Login Fail,None,10869.761239573958
3.6377162803387924,148,37.427598584752,TCP,Router,Remote,Malware Detect,None,10967.798055699865
13.176620151261078,75,84.64551983729622,TCP,IoT,Data Center,No Event,None,9154.356178322043
4.4557216035837515,57,35.3369078573437,TCP,Server,Remote,No Event,Low,7499.101293988556
7.567678383153401,149,88.54784556095152,UDP,Server,Data Center,No Event,High,14949.315505373594
18.038979788214224,143,20.132235137074332,UDP,IoT,Data Center,No Event,High,15624.690397267013
10.005271164994575,136,73.33173797147163,TCP,IoT,Data Center,Login Fail,High,14357.589645566655
13.683597031899517,91,58.66286289804193,TCP,Server,Data Center,Login Fail,None,12304.881504767764
4.274077552830967,93,18.688102317589674,TCP,Router,Data Center,No Event,None,7040.393622138482
4.653491357364745,63,31.770444543295508,TCP,Router,Data Center,No Event,None,5863.11792589863
1.7765037090630984,127,11.11636326495833,TCP,Server,Data Center,No Event,Medium,9794.583935724377
4.209766198371126,51,52.189116891805526,UDP,Router,Data Center,No Event,High,6902.908365803308
6.293216441607214,86,37.11387346840003,TCP,IoT,Remote,No Event,Medium,7911.690328121023
4.3631992012581895,118,63.852173586798294,TCP,Server,Remote,Firewall Block,None,9232.321283858924
2.6853481413840568,87,36.751402693775546,TCP,Server,Data Center,Login Fail,High,10963.52022874963
3.2920815509114156,90,36.99272003562862,TCP,IoT,Remote,No Event,None,6888.065957407872
9.75479659262179,111,76.8873878858443,TCP,Router,Remote,No Event,None,47181.76310358134
4.920340649710058,109,14.33285523805181,UDP,Server,Data Center,Firewall Block,None,8612.534071501774
7.9211273599134335,63,91.26054956727886,TCP,IoT,Remote,No Event,None,6374.280178062207
10.56492814624228,138,86.70374869520633,TCP,Workstation,Data Center,No Event,None,11391.398390731872
14.117501743957941,133,70.10242149037659,TCP,IoT,Remote,No Event,None,12515.150523771255
1.7469306569808798,51,63.389941309664586,TCP,IoT,Data Center,Malware Detect,None,37774.19846620269
16.18879757927181,119,90.3072248325687,TCP,IoT,Remote,No Event,None,12915.048814817132
12.930107400327248,66,26.6797161575843,ICMP,Router,Remote,No Event,Medium,7562.259687656306
2.5534216070285662,138,17.107224597174575,UDP,Router,Data Center,Malware Detect,None,8769.54646747246
17.59799385802877,77,31.55591529185843,TCP,IoT,Data Center,Malware Detect,None,11032.71465750046
18.49657561010445,115,81.51204508301713,TCP,Server,Remote,Firewall Block,Medium,14240.629287175407
2.1604812372424114,84,13.120324005383498,TCP,IoT,Data Center,No Event,High,7626.283305133506
6.26067531479687,54,62.45261515751407,TCP,Router,Remote,No Event,None,6026.960307889899
16.317824316068165,114,99.5893764572179,UDP,Server,Remote,Login Fail,None,13453.23552853439
15.216934117289508,89,87.01264844537855,UDP,Server,Remote,Login Fail,None,11715.667532827212
4.505899367771169,125,56.93011201392305,TCP,Workstation,Remote,No Event,None,8835.408815336341
4.977637143397496,105,15.72768183579781,TCP,IoT,Remote,No Event,None,7968.094544283341
8.038969953036258,85,84.82361629471389,TCP,IoT,Remote,Login Fail,Medium,8352.71975717463
10.205936718629406,94,63.90806573594895,UDP,Server,Data Center,Login Fail,None,9603.078049837197
12.746840659075623,72,20.343969735361014,UDP,Workstation,Data Center,No Event,Medium,8144.6828062052655
8.009359151825675,96,18.44715563410206,TCP,IoT,Data Center,No Event,Medium,8328.897302997935
9.78815960652981,80,91.86641374929332,TCP,IoT,Remote,No Event,High,10065.298293174288
15.201947824541374,60,70.22802366442706,UDP,IoT,Remote,No Event,None,8467.213860658416
1.69698085492136,59,84.635811938508,TCP,Server,Data Center,No Event,High,9103.988656367168
5.796301942536394,116,89.10810102540405,TCP,IoT,Remote,No Event,None,8861.746623684605
14.553642131806496,63,61.459511684348996,TCP,Server,Data Center,No Event,None,10009.598221521192
18.008929916056786,129,56.570171657953715,UDP,Workstation,Data Center,No Event,None,12755.938880400703
10.721871400197656,123,48.73846692888912,TCP,Server,Remote,No Event,None,12665.41222425417
11.110156220040997,142,38.52519290120074,TCP,IoT,Data Center,Malware Detect,Low,13723.462590385654
3.036268215455745,59,49.11363647728406,UDP,Server,Remote,No Event,None,6681.484506836406
9.500834969645638,125,79.64916901571408,TCP,IoT,Data Center,No Event,None,11439.156051128888
11.11972806264544,143,64.17310879136184,TCP,Router,Remote,Malware Detect,None,13300.998320958082
5.606939569059864,50,90.32709609593614,TCP,Server,Remote,No Event,None,7242.7948418559545
6.115621388038238,54,49.90420129412689,TCP,IoT,Data Center,Firewall Block,None,6359.583967651196
8.16839909898783,69,64.63806208468786,UDP,Server,Remote,Malware Detect,Medium,9504.096326079167
1.381352757776801,57,66.81767977827899,TCP,Server,Remote,No Event,None,6621.099544029837
7.119504146080388,92,63.2527446075693,TCP,Server,Data Center,Firewall Block,None,9395.363776724327
5.017512132934348,125,73.23703957769646,TCP,IoT,Data Center,No Event,None,9720.846936077172
7.222449691380378,50,31.369012153732566,UDP,Router,Remote,No Event,None,5420.17093056849
3.275480504565773,106,56.11273997912116,UDP,Workstation,Data Center,No Event,None,7459.400424752985
17.920018334058003,113,19.38023225275129,TCP,Server,Data Center,No Event,None,13677.27123533235
12.278256617526925,133,44.60601948803313,TCP,Workstation,Data Center,Firewall Block,High,13640.935622467567
13.902944063745302,77,53.8900361759138,UDP,IoT,Data Center,No Event,None,9302.128970691934
15.994253533539428,86,68.70018335909252,TCP,Server,Remote,No Event,None,12082.23232920697
10.470401779652088,96,95.54779473275832,UDP,Server,Data Center,No Event,None,10102.254416034415
2.65148547366105,125,64.05859598935203,UDP,Server,Data Center,No Event,Medium,8749.046564150613
11.205024294552407,86,76.92345245589038,UDP,Server,Data Center,No Event,None,10522.950097638113
12.149981242396704,98,55.56394535456825,TCP,IoT,Data Center,No Event,None,9877.024918900264
15.16335000950227,93,67.06936282386982,TCP,IoT,Remote,Malware Detect,Low,11005.149042373354
9.201531378363908,105,16.383899452039607,UDP,IoT,Data Center,No Event,None,8727.565891556458
3.4240257531157114,77,32.89524227576623,TCP,IoT,Remote,Malware Detect,None,7159.222871205696
6.391742210175765,128,42.56677838846248,TCP,Router,Data Center,No Event,None,9493.383650325986
7.898563631574067,55,52.524401950586224,UDP,IoT,Data Center,Login Fail,None,32294.595699478923
13.272427585300424,110,14.108387095214535,UDP,IoT,Remote,Login Fail,None,10780.359151596174
11.844787788709326,69,22.60216877979859,TCP,Server,Data Center,No Event,None,10371.753383753354
7.765837792059079,127,34.91328770121752,TCP,Server,Remote,No Event,None,11600.76653618419
19.743789727066613,51,97.43794218109456,TCP,Router,Remote,Malware Detect,None,11405.161123499503
12.509721567780856,122,39.82123063927457,UDP,Server,Data Center,No Event,None,12329.996380532844
5.507309042983895,86,53.383695230087426,ICMP,IoT,Data Center,Firewall Block,High,8640.533131583215
2.933866979787671,69,27.648794146455366,TCP,Router,Remote,No Event,Medium,5472.498946871828
3.9043236445023086,75,64.97020639681915,TCP,Server,Data Center,No Event,Low,8158.270687295436
5.673196839305654,78,35.26148939643769,UDP,IoT,Data Center,No Event,None,37638.091742524004
4.052946091931558,50,28.62933205945841,TCP,Server,Data Center,Firewall Block,None,6542.851589847434
4.544773456974809,84,56.491536560138115,TCP,Workstation,Data Center,No Event,None,7366.754200206127
6.416808205183095,119,10.495521924437874,ICMP,IoT,Remote,Malware Detect,None,8735.076709796103
4.294098310600342,108,10.68976293843028,TCP,IoT,Data Center,Malware Detect,High,10747.390800421355
18.03854306790208,118,29.7161928191672,UDP,IoT,Data Center,No Event,None,11552.972158211733
2.5244411675712017,82,13.304922625073903,TCP,IoT,Remote,No Event,None,5365.224785042442
10.96571640183484,100,19.722317871762222,TCP,Server,Data Center,Login Fail,None,11092.34563824767
8.79753971280357,127,40.49745844048765,UDP,Server,Data Center,No Event,None,11029.454990377139
19.66519372126352,61,82.23271116218315,TCP,IoT,Remote,Login Fail,None,9883.472397212874
3.1287391411929946,69,61.484377903237075,ICMP,Workstation,Data Center,No Event,None,4447.576371823048
8.55925638186909,102,56.14009533607748,TCP,Router,Remote,No Event,None,8745.988321025467
19.41993823223201,137,36.413994088730945,TCP,Server,Remote,Login Fail,Medium,15927.411659422783
17.444635391985624,92,93.85783474895348,TCP,Router,Data Center,No Event,None,11861.525970769455
16.524369348036316,147,45.73135371134725,TCP,IoT,Remote,No Event,High,15328.823242445718
5.9001537138538565,138,17.838349011619435,TCP,Server,Data Center,No Event,Medium,11054.546651786772
4.246864160411251,99,65.53598645060211,TCP,Server,Data Center,No Event,None,10035.461320683009
13.70422117856419,78,20.245455412894128,TCP,Router,Remote,No Event,Low,9681.772125296673
18.65814379342413,106,41.07008285215229,TCP,Router,Remote,Malware Detect,None,12749.113752557849
11.578494967264666,88,55.6670744846028,UDP,IoT,Data Center,No Event,High,11511.982164838591
11.860641099928097,144,88.68002722166582,UDP,Workstation,Remote,No Event,None,12104.678197970181
6.3196027795453995,105,54.41919223061068,UDP,IoT,Remote,No Event,None,8589.878569197848
15.620365730646801,92,73.20328894284978,TCP,Router,Remote,No Event,None,10936.488631121785
4.553831222592944,99,99.35351550991633,TCP,Workstation,Remote,No Event,None,8902.599121248135
7.14990549168063,72,21.834020790818347,UDP,IoT,Data Center,Firewall Block,High,7883.501549642474
9.083292333711919,93,34.72583729675676,TCP,Router,Data Center,Login Fail,None,8594.520857390386
10.644597195004646,87,45.511846803788174,TCP,IoT,Remote,No Event,None,9606.727515488834
5.605784915886525,133,47.96453606849482,UDP,Server,Data Center,No Event,None,9615.076761352273
3.181899670044867,72,46.99189677389912,UDP,Server,Remote,No Event,High,9001.45816669022
12.60178080639102,94,91.68499023008994,TCP,Server,Data Center,No Event,None,11700.610984281611
6.48398051156486,101,74.26293800201708,TCP,Workstation,Data Center,No Event,None,9080.154148761501
12.043526207029633,129,64.71146926816334,UDP,Server,Data Center,No Event,None,13245.129272496008
3.932891590209844,99,37.84354460765039,TCP,Server,Remote,No Event,Low,9373.444832792939
10.141661935241531,57,84.14113457991652,UDP,Router,Data Center,No Event,None,7354.410053070247
11.119199218480132,134,95.95544603364901,UDP,Workstation,Remote,No Event,None,11515.596499928211
1.9846471996261112,50,83.90784542952039,UDP,IoT,Data Center,Firewall Block,None,4263.1173034430885
7.395481285684491,57,10.140859467232561,TCP,Workstation,Data Center,No Event,Low,6275.039291139989
3.5538788618405106,78,67.27612331650664,TCP,IoT,Data Center,No Event,None,7368.752306509975
2.2041244389825874,145,14.602184329789065,UDP,Router,Remote,No Event,None,8142.003025853896
19.80924441540896,54,33.18464983003497,UDP,IoT,Data Center,No Event,None,9273.579085361001
7.124723054519737,135,15.357223031299451,UDP,IoT,Data Center,Login Fail,Medium,9503.234160385511
16.387614471238063,96,64.34159076544489,TCP,Server,Data Center,No Event,High,15360.166588623702
5.838172440511514,83,71.79309221433462,TCP,Server,Data Center,No Event,None,9231.033824072903
13.948551722254656,114,20.30388742593146,UDP,IoT,Remote,No Event,None,11079.345338708308
15.444329337904044,104,44.54549947404816,UDP,IoT,Remote,Login Fail,None,11295.808791363495
12.317136071549042,139,51.06128580599878,ICMP,Server,Data Center,No Event,None,12951.77209243469
9.959947582453008,92,43.214771958482494,UDP,Workstation,Remote,No Event,None,7988.135186037951
8.824977368798102,123,20.892250043667374,TCP,IoT,Remote,No Event,None,10836.962667024462
7.62849706431691,79,47.70530111687279,UDP,IoT,Data Center,No Event,None,7921.792466010151
18.66105374070869,131,77.60602430275763,UDP,Server,Remote,No Event,High,16956.14639049135
16.781768747966854,66,16.39068980799299,TCP,IoT,Remote,No Event,None,8807.552401228208
19.33551130266374,75,17.21620126737131,UDP,Router,Data Center,No Event,None,9442.566324535655
3.36164724622535,57,41.92941626523858,TCP,Router,Data Center,Malware Detect,None,6404.946149796847
14.88648202886924,96,94.75531404570326,TCP,Server,Remote,No Event,None,117951.13841776403
18.82846867959972,125,70.17153820506226,UDP,IoT,Remote,No Event,None,12241.66141925035
4.443428257147543,140,71.08029610053083,TCP,Router,Data Center,No Event,None,9254.148588468071
2.2634290799687724,121,42.572799175407845,TCP,Server,Data Center,Firewall Block,None,51665.15845616657
15.081292336511122,138,63.42947120876846,TCP,Router,Data Center,No Event,Low,13156.147199946512
11.914989150418325,95,10.911806562496905,TCP,Server,Remote,Login Fail,High,13636.47133625838
16.994746758407167,117,67.24864417685879,TCP,Router,Remote,No Event,None,12863.020856464158
3.6556751558995004,82,92.1958252818613,TCP,Server,Remote,No Event,None,8427.958534352756
16.110078925337916,50,65.13161215103372,ICMP,Server,Data Center,No Event,None,9674.314577948113
4.830919080907146,68,88.63287341197105,TCP,Workstation,Remote,No Event,None,6880.888251186183
4.109462914448386,80,75.15757499194844,TCP,Server,Remote,Firewall Block,None,8854.18722785197
4.121050160688866,129,20.850257476332125,TCP,Server,Data Center,Firewall Block,Low,10374.846566178048
16.476919684396258,63,91.22079765572576,UDP,IoT,Data Center,No Event,High,12023.38275738219
13.638747193227802,102,15.97994599201974,TCP,Server,Remote,No Event,High,14263.649518002281
10.938243070613268,97,58.05707252929874,UDP,Server,Remote,Firewall Block,None,10753.393648296253
7.817779198346547,118,22.79234114141119,UDP,IoT,Data Center,No Event,Medium,8913.644992785124
17.66681027544906,139,11.053594965781366,UDP,IoT,Remote,No Event,Low,13320.453271787745
8.456457041030072,111,47.98308341148751,TCP,Server,Data Center,No Event,None,10710.030787370379
16.515389349959964,141,36.55366368887406,UDP,Router,Remote,No Event,None,12116.847027305033
9.34356326283415,115,53.74004444178427,TCP,Server,Remote,No Event,Medium,10834.320427426092
8.161944159073244,113,61.947989806109575,ICMP,IoT,Remote,No Event,None,8319.875908238313
9.790915927722523,119,13.936516507805262,UDP,Server,Remote,No Event,None,11356.466092783436
6.7261796091187,112,21.070296561137106,TCP,IoT,Remote,No Event,None,8617.157421042048
15.204578223348772,122,60.27781568053828,TCP,Server,Data Center,No Event,None,13866.409625215629
10.551687411757104,82,40.885061785539236,TCP,IoT,Remote,No Event,None,8426.708805941988
5.412041207789529,90,75.62561387945031,UDP,IoT,Data Center,Malware Detect,High,10136.189818139379
18.0919168922168,138,68.70624837327458,TCP,IoT,Data Center,No Event,None,13501.905714142209
8.293933206091017,97,86.10439266909161,TCP,IoT,Data Center,No Event,None,9153.276075810378
11.327504361165783,62,72.32435440023028,TCP,IoT,Data Center,Firewall Block,None,65331.986707119984
18.222970108326393,122,48.69379696511333,UDP,IoT,Remote,Firewall Block,None,12760.161513739962
12.86052192236585,126,70.56699601549892,UDP,Server,Data Center,No Event,None,13007.675340370602
3.2210627734589172,80,34.784305682987664,UDP,Server,Remote,No Event,None,7215.588198388345
18.856810348656026,124,37.568214890039144,UDP,IoT,Remote,Login Fail,None,11979.680830967112
12.926453008356939,117,81.0086643928714,TCP,Router,Data Center,Malware Detect,None,13073.312280224935
7.363206678484636,147,50.1777564761424,TCP,IoT,Remote,Firewall Block,None,11018.217398787803
3.646169380604358,53,81.85423064665173,UDP,Server,Data Center,Malware Detect,None,7602.214465594773
16.086478596135624,68,84.01801363014506,TCP,IoT,Data Center,No Event,None,10866.371248047668
12.781382362641757,119,87.18061038951554,TCP,IoT,Remote,No Event,None,87890.4876969097
11.135760747550108,147,92.49717122570866,TCP,Server,Data Center,No Event,High,16338.924535930486
17.983959077968194,131,48.78866984619666,TCP,Server,Data Center,No Event,None,144725.2761594625
15.983347013266084,62,38.698013648902496,TCP,Router,Remote,No Event,None,9276.161466051773
3.881822714922272,72,62.39788719347025,UDP,Server,Remote,No Event,None,7508.582935272316
6.922719288115417,132,43.405518109386485,TCP,Workstation,Data Center,No Event,None,10314.324330456806
5.721293656474849,124,64.09667501202097,TCP,IoT,Remote,Login Fail,High,12413.055724954733
15.134979558880863,50,73.50272763794422,TCP,IoT,Remote,No Event,None,10012.154185425106
1.6371162599798081,137,71.95645166429232,UDP,IoT,Remote,No Event,None,8705.82979733864
11.827904012555013,103,43.70975983181092,TCP,IoT,Data Center,No Event,None,9058.830766062798
15.486715029073121,120,25.017418152887753,UDP,Server,Remote,No Event,None,12420.316453604952
17.65854709847324,138,48.74764046159868,UDP,Server,Remote,Login Fail,Medium,15590.788975093843
7.4995532256022415,134,22.833472967371787,TCP,IoT,Remote,No Event,None,10537.527011482263
16.603888788768245,64,90.10873316654275,ICMP,Workstation,Remote,Firewall Block,None,9295.2772119184
3.1020030021489373,114,41.128971466407165,ICMP,Router,Data Center,No Event,None,6958.471659606373
17.082593542955845,125,23.90137725009914,UDP,IoT,Data Center,No Event,None,11519.280805774753
3.4222845843076657,120,12.29029839151758,UDP,IoT,Data Center,No Event,Medium,8488.483236580225
8.548458520646978,64,68.12401476578358,TCP,IoT,Data Center,No Event,None,7034.172578114884
16.148611949811517,70,67.3212085709269,TCP,IoT,Remote,Malware Detect,None,11382.451578921864
3.848431119626702,68,40.65437499231625,TCP,IoT,Data Center,No Event,None,5310.722200934101
5.355776509420188,109,16.45406999628859,TCP,Server,Remote,Malware Detect,None,10613.599310374804
14.72279879946826,142,46.86660054057088,ICMP,IoT,Remote,No Event,None,12481.984210472667
14.680694194375413,138,38.00957455570543,TCP,IoT,Data Center,Malware Detect,None,13559.456917636284
13.18180502482065,82,70.94085757615085,UDP,Workstation,Data Center,No Event,None,9079.72514552469
14.185020444874901,98,64.52013245074212,UDP,Server,Remote,Malware Detect,None,12806.025592144231
11.311764423604327,145,42.8134355377786,UDP,Workstation,Remote,No Event,None,10903.66223624162
5.784182119232103,84,29.61032988294911,ICMP,IoT,Data Center,No Event,High,41922.07405531591
7.56822387657447,93,98.92323695400327,TCP,IoT,Data Center,No Event,None,9266.817773859337
4.450356619227088,139,50.860145907650335,TCP,Server,Remote,Firewall Block,None,11082.603482035729
18.26056066533894,60,71.94468122022133,TCP,IoT,Remote,No Event,None,63939.66502948
12.084444100556288,148,22.64976708205247,TCP,IoT,Data Center,No Event,None,12810.922409562765
8.616176918509158,121,53.703072969345804,TCP,Server,Remote,Malware Detect,None,13271.205109743936
9.778110269238521,127,12.478304788251894,TCP,Server,Data Center,No Event,Medium,11097.711986365905
18.99838345262449,123,55.490960611940494,UDP,Server,Data Center,No Event,None,14055.509997779802
3.9136766592055237,115,96.76156664059322,TCP,Server,Data Center,No Event,None,10660.511317689492
12.138366808319148,95,44.57860416872202,TCP,Server,Data Center,No Event,None,11613.796920134791
10.611884898804854,58,13.509641131742043,UDP,IoT,Data Center,Firewall Block,None,7843.380673057022
12.617630473258309,52,12.786021182740917,TCP,IoT,Data Center,Login Fail,None,7059.342587188362
1.3440934925959698,134,44.91880839521826,TCP,IoT,Data Center,No Event,Low,9136.500332458023
17.57035426993888,75,24.402244281687466,UDP,IoT,Data Center,Firewall Block,None,9951.266028817809
18.710247367188636,121,12.101688669536731,UDP,Workstation,Data Center,No Event,None,11463.973163520226
11.73753048819497,97,78.05922525551591,UDP,Server,Remote,No Event,None,10877.943780650354
14.236365653660952,115,51.26707079937016,TCP,Router,Data Center,No Event,None,11664.84441025365
18.52748824236862,119,36.032029477538906,UDP,IoT,Data Center,No Event,None,11516.383413337844
14.437534051954573,77,91.00748647148326,UDP,IoT,Remote,No Event,None,44035.47682324462
3.8982418153709655,142,20.452506418047307,TCP,IoT,Remote,Firewall Block,None,8593.37631947344
11.94947884316945,75,96.03269460597873,UDP,IoT,Data Center,Login Fail,None,8924.737426552792
12.527585881274263,74,38.25700456396176,UDP,IoT,Remote,No Event,None,8098.512180655176
9.058482754745334,61,89.95633050778132,TCP,Router,Remote,No Event,None,7357.130282844604
14.992440476869733,54,64.26485888315153,TCP,Server,Remote,Login Fail,None,10047.569814309572
18.752973280611283,147,84.40366237673388,ICMP,Server,Data Center,Firewall Block,None,14607.867402121756
18.58580174522875,97,98.56118468894178,UDP,Server,Remote,Malware Detect,None,14183.15077903799
9.56594805667851,86,35.956489403687115,TCP,Workstation,Data Center,No Event,None,7619.150287004506
3.15152287097435,128,96.50219368668337,UDP,IoT,Remote,Login Fail,None,9404.299367838592
19.711982780284355,93,45.05337054121783,TCP,IoT,Remote,No Event,Medium,12860.293399836093
16.939063642472746,149,44.69607142632301,TCP,IoT,Data Center,No Event,None,12815.647950310467
3.36859094286207,64,40.63483938290551,TCP,Router,Remote,No Event,None,5382.360847025633
18.495995769730072,92,58.72668466128267,ICMP,Workstation,Data Center,No Event,None,10534.05986221445
17.528030879180438,97,23.873053886063836,ICMP,IoT,Remote,No Event,None,10259.897549306259
10.85792308539537,136,59.834033682221005,TCP,Router,Data Center,No Event,None,12156.482474628021
12.234233279153656,119,58.75343311690036,TCP,Router,Data Center,No Event,None,10974.698923818134
8.581051373532475,95,78.5711631344383,TCP,IoT,Data Center,Login Fail,None,9065.901312038483
2.0404711376185953,92,85.0284965743827,ICMP,IoT,Remote,No Event,None,7551.953788930099
7.368747591272117,70,49.639721528118166,ICMP,Server,Data Center,No Event,None,7651.375038860164
16.25421552336222,72,37.20999244163444,UDP,Workstation,Data Center,No Event,Low,10231.484511574714
1.0880084370874543,129,33.3401407585385,UDP,IoT,Data Center,Firewall Block,None,7860.797767406038
7.336484262131739,96,27.516145303438474,UDP,Router,Remote,No Event,None,7499.252235135981
8.565205178227924,64,15.18828239791224,TCP,IoT,Remote,No Event,None,6561.077383859784
11.210516455820535,74,40.8203180951242,TCP,Router,Data Center,No Event,None,8467.72182019755
18.47725671184245,85,34.322292291770495,TCP,Server,Data Center,Malware Detect,None,93730.34893153871
7.580573892953264,124,96.97756472797666,UDP,Server,Data Center,Firewall Block,None,11012.014831967896
7.5921108360283265,100,60.19379436250395,UDP,Router,Data Center,No Event,None,8168.040893920647
15.01252371408522,64,41.25493351274568,TCP,Router,Data Center,No Event,None,9262.978220316638
9.592140876906337,117,62.24208408943264,ICMP,Router,Remote,Firewall Block,Medium,10263.061709836751
5.267491635859657,70,22.527703121112594,TCP,IoT,Data Center,No Event,High,8063.047308569892
9.596350806521174,62,49.963937428198264,TCP,Server,Data Center,No Event,None,9209.303639427391
3.6762833872161975,135,66.36108892789574,UDP,IoT,Data Center,No Event,None,8202.546982152791
4.351352743618243,68,54.000804861320624,UDP,Server,Remote,No Event,None,7775.558192142337
10.468987682050114,83,46.160092058889184,UDP,Server,Remote,No Event,None,8891.455937740448
8.959583540586411,127,99.44635500097283,TCP,Server,Remote,No Event,None,12931.531848236371
18.382072120293902,117,89.22832859340343,TCP,Server,Data Center,No Event,None,14716.442445381303
7.88548408321603,101,66.10653623434962,UDP,Workstation,Data Center,Firewall Block,High,10516.38411593841
12.031178655282826,76,61.24396250640545,TCP,IoT,Data Center,No Event,None,8871.660862689487
13.013021470471077,78,65.85944318421257,TCP,Server,Data Center,Malware Detect,None,11311.8745607874
1.2487946751783392,77,28.118089704018992,UDP,IoT,Remote,No Event,None,4381.6840446592905
13.607210068317501,84,45.56239689378867,TCP,IoT,Remote,No Event,Medium,10156.04706745263
4.382683370525277,57,13.551357960180939,UDP,IoT,Remote,No Event,None,4806.286980850086
19.260336031919646,65,52.7991433738144,UDP,Workstation,Remote,Firewall Block,None,9902.313875723406
3.8245918273091464,85,58.87221255618969,TCP,Router,Data Center,Login Fail,None,7207.79864907267
8.877858350813451,79,30.497476249288862,TCP,Workstation,Remote,No Event,Medium,7968.98740934755
2.6216436934942333,67,96.76259624489623,UDP,Workstation,Data Center,Malware Detect,None,6207.653295527292
19.940610785072998,51,91.85091498435177,UDP,IoT,Data Center,No Event,Medium,11181.190498286707
10.54170519629361,98,74.99289119103153,UDP,IoT,Remote,Firewall Block,None,9682.818660049952
12.312315329080832,126,58.004796588882634,UDP,Server,Data Center,Login Fail,None,12637.276851292856
2.274453070380122,53,88.29722436829165,UDP,Server,Data Center,Firewall Block,None,5958.502513689984
15.249248937584378,139,21.758710944111662,ICMP,Server,Data Center,No Event,None,13718.741635313525
4.988206268816129,138,81.14588148473965,TCP,IoT,Remote,No Event,None,9814.136760629186
18.06303149937356,143,21.23387325701635,TCP,Server,Remote,No Event,Medium,14845.3608118976
4.897653169158136,124,81.47895962944649,TCP,Server,Data Center,No Event,None,11830.748364912095
4.623066692609665,56,34.819081142622125,TCP,IoT,Remote,No Event,None,5550.448407244475
1.6944436891138026,144,88.93815229163701,TCP,Server,Data Center,No Event,None,68466.54255713575
9.969271957089985,123,94.96378844428581,TCP,Server,Data Center,No Event,None,12593.262320589693
11.731981531989712,88,23.391637246460405,ICMP,Server,Remote,No Event,None,10078.604108985706
2.248464149138695,62,51.640804455885416,TCP,IoT,Remote,No Event,None,52372.08713558574
15.735024717205201,80,98.28886403464166,TCP,Router,Remote,No Event,None,89800.66901848771
9.612487860212525,120,53.506669237583196,TCP,IoT,Data Center,Firewall Block,None,9794.03509906985
10.96341511722402,112,87.71927702630906,TCP,IoT,Remote,No Event,High,13240.791886267718
9.374492191826334,105,62.985836991818786,TCP,Router,Remote,No Event,None,9602.676639440513
8.614498156631193,91,43.77969171276417,TCP,Server,Remote,Login Fail,Medium,10116.696747468937
11.63316629485614,110,35.72051999732832,TCP,IoT,Data Center,No Event,None,10951.902335252515
3.949564672683538,91,28.290078197747853,UDP,Server,Remote,No Event,None,8369.133020418185
4.456634479410152,105,78.56183722399275,UDP,Server,Remote,No Event,None,77057.78099146874
17.37392679925683,85,44.78864561407251,UDP,Router,Data Center,No Event,None,9418.066154344297
18.97619378053902,133,56.0147915980676,UDP,Router,Data Center,Firewall Block,Medium,13380.25512245224
8.092877009315306,117,54.309293200106374,TCP,Server,Data Center,No Event,None,10928.618341010406
6.144148789727522,56,61.95511263098181,UDP,Server,Remote,No Event,None,7618.318415426756
13.235991321541299,103,87.9019431062097,UDP,IoT,Remote,No Event,Medium,10995.295921042316
8.765949250863832,50,98.26654092250864,TCP,IoT,Remote,No Event,None,6961.434673092855
1.4823407575465524,93,46.68257877164353,UDP,Server,Remote,Login Fail,None,7228.007277086058
3.966899349957617,94,84.47670298956727,TCP,Server,Remote,No Event,None,10012.987232640924
14.603472348100553,96,78.80750151892458,UDP,Server,Data Center,No Event,Medium,11667.542936112564
13.519554896292876,62,61.617605631001595,ICMP,IoT,Data Center,No Event,None,7174.773771679753
1.5148238575661863,71,96.04424292507397,TCP,IoT,Data Center,No Event,None,5548.554010011124
5.2174710767260395,70,28.042706397556252,UDP,Server,Data Center,No Event,None,7068.168692936269
5.390421135173357,135,19.83377892786593,UDP,IoT,Data Center,Malware Detect,High,11634.782603355892
13.76596212837584,141,86.85657702598799,ICMP,Router,Remote,Login Fail,None,12471.050100411669
1.374500217332919,58,49.52348349703735,TCP,IoT,Data Center,Firewall Block,None,3708.6281773832434
2.978063057706903,75,86.22719687863544,UDP,Server,Data Center,Malware Detect,None,8064.410680375661
16.198405622090597,58,90.37811846758734,TCP,Workstation,Data Center,No Event,High,11639.55414857562
4.392348579032339,64,15.62118342571643,TCP,IoT,Data Center,No Event,Medium,5779.039517968012
13.40217604918562,59,89.51182866874547,TCP,Server,Remote,Login Fail,High,13211.688520205433
5.525472839887804,137,50.348714983247994,ICMP,IoT,Remote,Malware Detect,None,10783.747858180664
2.889386462427558,91,55.9389240103809,UDP,Server,Remote,Login Fail,None,7175.836600859806
5.620271628989627,121,66.39332599838892,UDP,Server,Data Center,No Event,None,9445.990778395988
14.723071705257524,73,93.3744346057078,ICMP,Server,Remote,No Event,Medium,10513.151488819836
17.25823289401943,129,11.720448498678763,TCP,Server,Remote,Malware Detect,None,14908.081734961073
16.77417742677284,98,52.91591214860354,TCP,Router,Remote,Login Fail,None,10865.399178526293
8.546487062750643,75,71.89498381875046,TCP,IoT,Data Center,Firewall Block,Low,8040.956405743025
13.693617594842276,140,75.04362619284056,TCP,IoT,Remote,No Event,None,12973.870199548306
4.894701612900598,86,72.32791883833971,TCP,Router,Remote,No Event,None,7072.205452431488
6.5698068749592515,117,22.099161646730966,TCP,Server,Remote,No Event,None,10229.891306436339
18.030380551901274,99,36.94560295345131,TCP,Router,Remote,Login Fail,None,11347.549431411071
1.2470365467039848,73,42.28439728753121,TCP,Server,Data Center,No Event,Low,6741.209316275867
2.6246620862348937,68,82.39934869115545,TCP,Router,Remote,No Event,None,6282.114162476892
4.949838847774519,149,35.088388517309774,TCP,Server,Data Center,Firewall Block,None,11246.88260892966
1.5041118736025747,109,28.963446748048284,ICMP,Router,Remote,No Event,None,5870.525532812455
4.447273266706149,88,96.17032171342865,UDP,Workstation,Data Center,Malware Detect,None,7996.24412560338
12.077789658424152,123,10.7976956602122,ICMP,Server,Data Center,No Event,None,11377.937651551798
9.00706646125746,138,99.80387701137803,TCP,IoT,Data Center,Malware Detect,None,12738.150954947256
17.960762510462523,67,70.9139168971656,TCP,IoT,Remote,No Event,None,11468.496842365808
16.53142767303038,68,84.56223695042054,UDP,IoT,Data Center,Firewall Block,None,9991.113530217513
7.494529682259643,85,36.51574567115738,TCP,IoT,Remote,Firewall Block,None,8161.48203490905
5.9290452351945575,123,11.288374990035399,TCP,IoT,Remote,No Event,None,68233.52994309348
8.214155755178071,146,76.40825667053771,TCP,Server,Data Center,No Event,Medium,12538.396395410084
12.215603907781347,104,85.07301373006082,TCP,Server,Data Center,No Event,Low,11951.304302210121
6.093209175634649,118,76.64285187581672,TCP,Server,Data Center,No Event,Low,58082.20716433952
12.858829249133546,96,22.856525857075475,TCP,Server,Remote,Malware Detect,None,12582.3293710881
8.778821391633567,98,77.80851300312722,UDP,IoT,Remote,No Event,None,7986.090835709475
11.488896436187625,148,79.20305038968769,TCP,IoT,Data Center,No Event,None,12934.966294546786
9.286404053571017,147,69.26864641030494,TCP,IoT,Data Center,No Event,None,11769.987885456341
6.594849431296436,82,78.95043395160276,UDP,Server,Remote,Malware Detect,None,10234.633285249478
19.020612832280978,70,86.1329295709959,TCP,IoT,Remote,Firewall Block,None,10705.559050817115
15.508510089035456,130,65.22437028137125,TCP,IoT,Remote,No Event,High,14354.111872103225
3.6621503395625985,71,17.974424257271117,UDP,Server,Remote,No Event,None,6625.054984922269
17.500891542060344,97,53.88650287004898,TCP,Router,Data Center,No Event,None,11423.80786494168
10.26119276674076,86,16.988440120444455,TCP,IoT,Data Center,No Event,Low,8951.416436764139
17.996492310987737,64,46.678872792918774,TCP,Server,Data Center,No Event,None,11964.13883775404
16.197249862998987,84,46.63958402130649,TCP,Server,Data Center,No Event,Medium,12978.082340880472
9.079056584915435,141,15.940885972621743,TCP,Router,Data Center,No Event,Low,10685.3797629419
1.4269168580822305,120,41.39384805725314,UDP,Workstation,Data Center,No Event,High,7668.238239753404
6.1048698283139755,81,19.989828891218338,TCP,IoT,Data Center,No Event,None,6876.647950890968
11.291050078556472,60,82.74116890082999,TCP,IoT,Remote,No Event,None,8330.055675179421
13.036086176696799,59,95.29192233680237,TCP,Router,Remote,No Event,None,9171.010421903147
5.899866023230843,122,16.508482773214475,TCP,Server,Remote,Login Fail,None,10686.846770343258
3.6477654073836585,127,95.96036865625312,UDP,Server,Remote,Login Fail,None,10155.79454223278
16.863674499186683,126,57.031893940307064,TCP,Server,Data Center,No Event,None,15286.503467866854
19.70364143336749,106,36.96091101584865,TCP,Server,Remote,No Event,None,13563.83363988762
10.98811346375103,74,16.917586774854716,TCP,Workstation,Data Center,Login Fail,None,8028.287482592937
4.261906431117767,51,55.056184126337605,TCP,Workstation,Remote,Firewall Block,Medium,4839.178850168302
6.17383920386801,113,81.50639900416738,TCP,Router,Data Center,No Event,Low,9327.004132247162
1.349422854401868,84,73.63778295400283,UDP,IoT,Remote,No Event,None,6635.707565247023
18.371677324649482,56,14.520341031757638,TCP,Router,Data Center,No Event,None,9386.243645763014
3.2372705749126816,134,16.561165183111317,TCP,IoT,Data Center,No Event,Low,8769.392898258178
11.953813034770818,67,46.25859543693734,TCP,IoT,Remote,No Event,None,7550.748860611989
6.207049193056914,116,36.57614446431489,UDP,Router,Data Center,No Event,Medium,8384.380109664722
11.529382047800075,91,30.914589075044304,TCP,IoT,Remote,No Event,High,11893.204030107143
13.37698737868542,88,35.29040490178423,UDP,IoT,Remote,No Event,None,9140.882179794931
16.765094270436833,90,82.31344689671961,UDP,IoT,Remote,No Event,Medium,10693.767643142091
4.9220041634514615,124,93.63052482686685,UDP,Router,Remote,No Event,None,9665.763785225754
1.2089207445111292,73,46.45924250748098,TCP,Server,Remote,No Event,None,6820.486591942866
3.600826971307338,109,91.54999019192473,TCP,Server,Data Center,No Event,None,10591.774809425011
18.100354195113997,95,38.93461311230938,UDP,IoT,Remote,No Event,None,10427.13259196342
17.60391147368779,68,52.87932877094124,ICMP,Router,Remote,Malware Detect,Low,10548.893717236264
12.350848941235858,117,30.342609803439974,UDP,Router,Remote,No Event,None,11181.845384252885
12.409820348239414,139,67.64284379582597,TCP,IoT,Data Center,Login Fail,None,12853.302991157541
13.635696816378854,91,98.1083003657328,TCP,Server,Remote,Firewall Block,None,11188.155272753347
4.332054293845542,81,64.31437864390408,TCP,IoT,Remote,No Event,Low,6673.608453877261
18.373826972574236,88,42.203267570219396,UDP,Workstation,Remote,No Event,High,12713.205005145574
8.95663997294939,85,68.30357013914755,TCP,Server,Data Center,No Event,Low,76766.65688919339
8.279632036740452,146,21.06286106188488,TCP,Workstation,Data Center,Malware Detect,None,11328.709163535266
10.859436400373912,85,89.97931722388587,UDP,IoT,Data Center,Firewall Block,None,8398.15575715471
1.8923533687260459,52,55.27755557018527,TCP,Router,Remote,Login Fail,None,3917.90585122967
4.159384006365508,122,50.441476783567786,UDP,Router,Remote,No Event,None,7939.329844701423
15.022638712101038,57,62.727830960816725,TCP,Server,Data Center,No Event,None,9858.266594752322
2.573174690577403,146,66.23054765104622,TCP,Workstation,Data Center,No Event,None,10533.210813781889
12.459890079861376,119,16.459822560386172,TCP,IoT,Data Center,No Event,None,10528.876614238292
5.661633083945098,90,71.43554991010622,UDP,IoT,Data Center,No Event,Low,7758.308070349596
8.396616666797554,117,31.773851228397664,TCP,Server,Remote,No Event,None,11195.708265932677
6.485180998643298,62,74.25573692559308,TCP,Router,Remote,Login Fail,None,6790.092309311214
7.757781612834034,98,84.0281314945777,ICMP,Server,Data Center,No Event,None,9271.893889026269
14.661872198500664,109,82.35626567972683,TCP,IoT,Remote,No Event,Medium,12057.135559912822
6.645312596840325,51,59.72508706671002,TCP,Server,Data Center,No Event,Low,7718.016766040369
11.761688165641047,109,56.81529030796761,TCP,IoT,Remote,Malware Detect,Medium,11595.031309241514
10.044957641782894,54,22.858836520547055,TCP,Server,Data Center,Login Fail,None,8145.365352651377
13.609752141890315,93,79.7811535362822,UDP,Server,Data Center,No Event,High,13315.849214853406
18.799765047170403,76,34.42684424020429,TCP,Router,Data Center,No Event,None,11078.653515340877
14.918869846994756,81,54.70258805361519,TCP,IoT,Remote,No Event,None,10187.714640407328
5.083867193224378,70,35.5846683634765,TCP,Server,Remote,Firewall Block,High,9942.742998856349
1.5924795661644087,57,22.044552669972383,UDP,IoT,Remote,No Event,None,3671.1681507152725
5.983016841696677,121,66.66019272025629,TCP,IoT,Data Center,No Event,None,10483.560831474315
12.306480683304843,99,14.889883134061344,TCP,Router,Data Center,No Event,None,9550.989666553154
1.9770904562007567,116,77.378071071358,TCP,Workstation,Data Center,No Event,None,8151.781516711096
10.43095869682349,93,38.5828115735005,TCP,IoT,Remote,Malware Detect,High,12071.598910344692
12.340014129420895,107,10.012122370403679,TCP,Router,Data Center,No Event,None,11129.481061160948
7.3506339255222555,52,56.001622531350684,TCP,Router,Remote,No Event,None,6219.79909661639
15.647331871170616,135,14.216671767484282,UDP,Router,Remote,No Event,None,11895.195308538201
3.0253668095416644,119,34.85526020388095,TCP,IoT,Remote,No Event,None,8265.318218959645
2.4276178529803665,51,73.62788387101446,ICMP,Workstation,Data Center,Firewall Block,None,3667.7937498731617
14.835586367868464,136,15.642065945967929,ICMP,IoT,Data Center,No Event,None,114600.60448709517
10.41433500791777,93,85.54046431204021,TCP,IoT,Data Center,Malware Detect,None,11815.506935579619
14.079645532126985,51,10.34379303927248,TCP,IoT,Remote,Login Fail,None,8027.179367806366
9.261719433471178,130,32.2141482281712,TCP,Server,Remote,No Event,High,14232.280273186356
5.681638631543029,84,76.68136505368643,UDP,IoT,Data Center,No Event,None,6812.352793545167
16.562944035809792,147,38.46431347563761,TCP,IoT,Data Center,No Event,None,14558.129922675795
16.188901700410604,136,19.17031492594122,TCP,IoT,Remote,Login Fail,None,13817.890009781584
14.199232946234108,79,42.42105269203851,TCP,Router,Remote,No Event,None,10060.320598704124
6.170757607369291,57,34.3353957746073,UDP,Router,Data Center,No Event,Low,5871.4978514880495
12.214382670512656,71,85.84407119444994,UDP,IoT,Remote,No Event,High,10455.372837378887
7.858504041860509,93,38.20131258266288,TCP,Router,Data Center,Login Fail,None,8585.233128807093
2.7400593932060486,107,81.00392245984065,UDP,Router,Data Center,No Event,Medium,7064.478240128968
18.428957933782613,85,90.26849303296612,TCP,Router,Remote,No Event,None,11118.315322575076
3.5995539874602667,118,49.04356776188766,TCP,IoT,Remote,No Event,None,7726.621915494085
19.054509722595245,126,91.89488294689528,UDP,Server,Remote,No Event,None,15140.638732884927
9.474109686201158,142,43.95862485668736,TCP,Workstation,Data Center,Malware Detect,None,11692.631918266878
